region,stopName,tours,ko,en,cat,lat,lng,signgu,muni,desc,descEn,nearOk,source,coord
서울,,1,국립현대미술관 과천,MMCA Gwacheon,herit,37.4303,127.0108,41290,과천시,서울대공원 옆에 있는 국립현대미술관의 첫 본관으로 야외 조각공원과 백남준의 '다다익선'이 있는 미술관이다.,"The original main branch of the National Museum of Modern and Contemporary Art beside Seoul Grand Park, home to Nam June Paik's 'The More, The Better'.",1,미술관,주소 기준 좌표 · 대략 위치
서울,,1,국립현대미술관 덕수궁,MMCA Deoksugung,herit,37.5660,126.9746,11140,종로구,덕수궁 석조전 서관에 있는 국립현대미술관 분관으로 근대미술 전시를 주로 연다.,"Branch of the National Museum of Modern and Contemporary Art in the west wing of Seokjojeon in Deoksugung Palace, focused on modern art.",1,미술관,주소 기준 좌표 · 대략 위치
서울,,1,서울시립 북서울미술관,SeMA Buk-Seoul Museum of Art,herit,37.6406,127.0669,11350,노원구,노원구 중계동 등나무근린공원 안에 있는 서울시립미술관 분관이다.,"A branch of the Seoul Museum of Art in Junggye-dong, Nowon-gu.",1,미술관,주소 기준 좌표 · 대략 위치
서울,,1,서울시립 사진미술관,SeMA Museum of Photography,herit,37.6534,127.0480,11320,도봉구,2025년 5월 창동에 개관한 국내 첫 공립 사진 전문 미술관이다.,"Korea's first public museum dedicated to photography, opened in Chang-dong in May 2025.",1,미술관,주소 기준 좌표 · 대략 위치
서울,,1,서울시립 미술아카이브,SeMA Art Archives,herit,37.6117,126.9742,11110,종로구,평창동에 있는 서울시립미술관의 미술 아카이브 전문 분관으로 전시와 자료 열람 공간을 운영한다.,Seoul Museum of Art's archive branch in Pyeongchang-dong with exhibitions and a reading room.,1,미술관,주소 기준 좌표 · 대략 위치
서울,,1,서울시립 백남준기념관,Nam June Paik Memorial House,herit,37.5733,127.0130,11110,종로구,백남준이 유년기를 보낸 창신동 집터의 한옥을 고쳐 2017년 문을 연 서울시립미술관 기념관이다.,Seoul Museum of Art memorial house opened in 2017 in a hanok on the Changsin-dong site where Nam June Paik grew up.,1,미술관,주소 기준 좌표 · 대략 위치
안산,,1,경기도미술관,Gyeonggi Museum of Modern Art,herit,37.3274,126.8228,41273,안산시단원구,안산 화랑유원지에 있는 경기도 공립 현대미술관이다.,"Gyeonggi Province's public museum of contemporary art in Hwarang Park, Ansan.",1,미술관,주소 기준 좌표 · 대략 위치
인천,,1,송암미술관,Songam Art Museum,herit,37.4455,126.6602,28177,남구,인천광역시립박물관 분관으로 미추홀구 학익동에 있는 인천의 공립 미술관이다.,"An Incheon public art museum in Hagik-dong, Michuhol-gu, run as a branch of Incheon Metropolitan City Museum.",1,미술관,주소 기준 좌표 · 대략 위치
서울,,1,아트선재센터,Art Sonje Center,herit,37.5795,126.9812,11110,종로구,종로구 소격동에 있는 사립 현대미술관이다.,"A private contemporary art center in Sogyeok-dong, Jongno-gu.",1,미술관,주소 기준 좌표 · 대략 위치
서울,,1,금호미술관,Kumho Museum of Art,herit,37.5770,126.9810,11110,종로구,금호아시아나문화재단이 운영하는 삼청로의 사립 미술관이다.,A private art museum on Samcheong-ro run by the Kumho Asiana Cultural Foundation.,1,미술관,주소 기준 좌표 · 대략 위치
서울,,1,성곡미술관,Sungkok Art Museum,herit,37.5717,126.9680,11110,종로구,쌍용그룹 창업주 김성곤을 기려 1995년 문을 연 신문로의 사립 미술관이다.,A private museum in Sinmunno opened in 1995 in memory of Ssangyong founder Kim Sung-kon.,1,미술관,주소 기준 좌표 · 대략 위치
서울,,1,사비나미술관,Savina Museum of Contemporary Art,herit,37.6375,126.9365,11380,은평구,은평구 진관동에 있는 사립 현대미술관이다.,"A private contemporary art museum in Jingwan-dong, Eunpyeong-gu.",1,미술관,주소 기준 좌표 · 대략 위치
서울,,1,환기미술관,Whanki Museum,herit,37.5954,126.9706,11110,종로구,화가 김환기의 작품을 소장·전시하는 부암동의 작가 미술관이다.,An artist museum in Buam-dong devoted to painter Kim Whanki.,1,미술관,주소 기준 좌표 · 대략 위치
서울,,1,대림미술관,Daelim Museum,herit,37.5786,126.9730,11110,종로구,대림문화재단이 운영하는 통의동의 사립 미술관이다.,A private museum in Tongui-dong run by the Daelim Cultural Foundation.,1,미술관,주소 기준 좌표 · 대략 위치
서울,,1,디뮤지엄,D Museum,herit,37.5446,127.0420,11200,성동구,대림문화재단이 운영하는 성수동 서울숲 인근의 사립 미술관이다.,A private museum near Seoul Forest in Seongsu-dong run by the Daelim Cultural Foundation.,1,미술관,주소 기준 좌표 · 대략 위치
서울,,1,소마미술관,SOMA Museum of Art,herit,37.5181,127.1185,11710,송파구,국민체육진흥공단이 올림픽공원 안에서 운영하는 미술관이다.,An art museum inside Olympic Park run by the Korea Sports Promotion Foundation.,1,미술관,주소 기준 좌표 · 대략 위치
서울,,1,일민미술관,Ilmin Museum of Art,herit,37.5704,126.9778,11110,종로구,광화문 옛 동아일보 사옥에 있는 사립 미술관이다.,A private art museum in the former Dong-A Ilbo building at Gwanghwamun.,1,미술관,주소 기준 좌표 · 대략 위치
서울,,1,아라리오뮤지엄 인 스페이스,Arario Museum in Space,herit,37.5781,126.9879,11110,종로구,건축가 김수근의 옛 공간사옥에 김창일 컬렉션을 전시하는 사립 미술관이다.,A private museum showing the Arario (Kim Chang-il) collection in Kim Swoo-geun's former SPACE building.,1,미술관,주소 기준 좌표 · 대략 위치
서울,,1,서울대학교미술관,Museum of Art Seoul National University,herit,37.4605,126.9490,11620,관악구,서울대학교 관악캠퍼스 정문 근처에 있는 대학 미술관(MoA)이다.,Seoul National University's art museum (MoA) near the main gate of the Gwanak campus.,1,미술관,주소 기준 좌표 · 대략 위치
서울,,1,송은,SONGEUN,herit,37.5249,127.0447,11680,강남구,송은문화재단이 운영하는 청담동의 현대미술 전시 공간이다.,A contemporary art space in Cheongdam-dong run by the SongEun Art and Cultural Foundation.,1,미술관,주소 기준 좌표 · 대략 위치
서울,,1,세화미술관,Sehwa Museum of Art,herit,37.5697,126.9706,11110,종로구,태광그룹 세화예술문화재단이 흥국생명빌딩에서 운영하는 미술관이다.,An art museum in the Heungkuk Life building run by Taekwang Group's Sehwa foundation.,1,미술관,주소 기준 좌표 · 대략 위치
서울,,1,서울미술관,Seoul Museum,herit,37.5963,126.9660,11110,종로구,부암동 석파정과 함께 운영되는 사립 미술관이다.,A private art museum in Buam-dong operated together with the Seokpajeong villa.,1,미술관,주소 기준 좌표 · 대략 위치
서울,,1,김종영미술관,Kim Chong Yung Museum,herit,37.6128,126.9718,11110,종로구,조각가 김종영의 작품을 전시하는 평창동의 작가 미술관이다.,An artist museum in Pyeongchang-dong devoted to sculptor Kim Chong Yung.,1,미술관,주소 기준 좌표 · 대략 위치
서울,,1,플랫폼엘 컨템포러리 아트센터,Platform-L Contemporary Art Center,herit,37.5216,127.0368,11680,강남구,루이까또즈 태진인터내셔날이 논현동에 세운 현대미술 아트센터이다.,A contemporary art center in Nonhyeon-dong founded by Taejin International (Louis Quatorze).,1,미술관,주소 기준 좌표 · 대략 위치
수원,,1,수원시립미술관,Suwon Museum of Art,herit,37.2826,127.0161,41115,수원시팔달구,화성행궁 광장 옆에 있는 수원시 공립 미술관이다.,Suwon's public art museum beside Hwaseong Haenggung Plaza.,1,미술관,주소 기준 좌표 · 대략 위치
고양,,1,고양아람누리 아람미술관,Aram Art Museum,herit,37.6698,126.7758,41285,고양시일산동구,일산 고양아람누리 복합문화시설 안에 있는 고양문화재단의 미술관이다.,An art museum inside the Goyang Aram Nuri arts complex in Ilsan.,1,미술관,주소 기준 좌표 · 대략 위치
이천,,1,이천시립월전미술관,Woljeon Museum of Art Icheon,herit,37.2765,127.4295,41500,이천시,한국화가 월전 장우성의 작품을 중심으로 설봉공원 안에 있는 이천시립 미술관이다.,Icheon's municipal museum in Seolbong Park centered on works by ink painter Woljeon Chang Woo-soung.,1,미술관,주소 기준 좌표 · 대략 위치
남양주,,1,모란미술관,Moran Museum of Art,herit,37.6562,127.2828,41360,남양주시,남양주 화도읍에 있는 조각 공원 중심의 사립 미술관이다.,"A private art museum with a sculpture garden in Hwado-eup, Namyangju.",1,미술관,주소 기준 좌표 · 대략 위치
양평,,1,구하우스 미술관,Koo House Museum,herit,37.5810,127.3600,41830,양평군,'집'을 콘셉트로 현대미술과 디자인 작품을 전시하는 양평 서종면의 사립 미술관이다.,"A private museum in Seojong-myeon, Yangpyeong, showing contemporary art and design in a house-like setting.",1,미술관,주소 기준 좌표 · 대략 위치
안산,,1,단원미술관,Danwon Art Museum,herit,37.3187,126.8441,41271,안산시상록구,단원 김홍도를 기리기 위해 2013년 안산 성포동에 개관한 공립 미술관이다.,"A public art museum opened in 2013 in Seongpo-dong, Ansan, honoring painter Kim Hong-do (Danwon).",1,미술관,주소 기준 좌표 · 대략 위치
서울,,1,뮤지엄한미 삼청,Museum Hanmi Samcheong,herit,37.5826,126.9823,11110,종로구,한미사진미술관이 2022년 삼청동에 연 사진 전문 미술관이다.,A photography museum opened in Samcheong-dong in 2022 by the Museum Hanmi.,1,미술관,주소 기준 좌표 · 대략 위치
서울,,1,박노수미술관,Park No-soo Art Museum,herit,37.5807,126.9677,11110,종로구,한국화가 박노수의 옥인동 가옥을 종로구가 미술관으로 운영하는 곳이다.,"Painter Park No-soo's former house in Ogin-dong, run as a museum by Jongno-gu.",1,미술관,주소 기준 좌표 · 대략 위치
서울,,1,성북구립미술관,Seongbuk Museum of Art,herit,37.5928,127.0013,11290,성북구,성북동에 있는 성북구 공립 미술관이다.,Seongbuk-gu's public art museum in Seongbuk-dong.,1,미술관,주소 기준 좌표 · 대략 위치
서울,,1,토탈미술관,Total Museum of Contemporary Art,herit,37.6132,126.9760,11110,종로구,1976년 문을 연 평창동의 사립 현대미술관이다.,A private contemporary art museum in Pyeongchang-dong founded in 1976.,1,미술관,주소 기준 좌표 · 대략 위치
성남,,1,성남큐브미술관,Seongnam Cube Art Museum,herit,37.4031,127.1290,41131,성남시분당구,성남아트센터 안에 있는 성남문화재단의 공립 미술관이다.,Seongnam Cultural Foundation's public art museum in Seongnam Arts Center.,1,미술관,주소 기준 좌표 · 대략 위치
청주,,1,국립현대미술관 청주,MMCA Cheongju,herit,36.6556,127.4893,43114,청주시상당구,옛 청주 연초제조창 건물을 고쳐 만든 국립현대미술관의 개방형 수장고 미술관이다.,MMCA's visible-storage museum in the converted former Cheongju tobacco factory.,1,미술관,주소 기준 좌표 · 대략 위치
청주,,1,청주시립미술관,Cheongju Museum of Art,herit,36.6378,127.4757,43112,청주시흥덕구,옛 KBS 청주방송국 건물을 활용한 청주시의 공립 미술관이다.,Cheongju's municipal art museum in the former KBS Cheongju broadcasting building.,1,미술관,주소 기준 좌표 · 대략 위치
청주,,1,청주시립대청호미술관,Daecheongho Museum of Art,herit,36.4935,127.4860,43111,청원군,대청호 문의문화유산단지 인근에 있는 청주시립미술관 분관이다.,Branch of Cheongju Museum of Art by Daecheong Lake near the Munui heritage complex.,1,미술관,주소 기준 좌표 · 대략 위치
청주,,1,쉐마미술관,Schema Art Museum,herit,36.7097,127.5365,43114,청원군,청주 내수읍에 있는 현대미술 중심의 사립 미술관이다.,"Private contemporary art museum in Naesu-eup, Cheongju.",1,미술관,주소 기준 좌표 · 대략 위치
부산,,1,부산시립미술관,Busan Museum of Art,herit,35.1667,129.1373,26350,해운대구,해운대 센텀시티에 있는 부산시의 대표 공립 미술관으로 2026년 9월 리노베이션을 마치고 재개관했다.,"Busan's main public art museum in Centum City, reopened in September 2026 after renovation.",1,미술관,주소 기준 좌표 · 대략 위치
부산,,1,고은사진미술관,GoEun Museum of Photography,herit,35.1626,129.1700,26350,해운대구,해운대에 있는 사진 전문 사립 미술관이다.,Private photography museum in Haeundae.,1,미술관,주소 기준 좌표 · 대략 위치
부산,,1,뮤지엄 원,Museum 1,herit,35.1700,129.1290,26350,해운대구,센텀시티에 있는 미디어아트 중심의 사립 미술관이다.,Private media-art museum in Centum City.,1,미술관,주소 기준 좌표 · 대략 위치
부산,,1,아르떼뮤지엄 부산,ARTE MUSEUM Busan,herit,35.0800,129.0780,26200,영도구,영도에 있는 몰입형 미디어아트 전시관이다.,Immersive media-art exhibition hall in Yeongdo.,1,미술관,주소 기준 좌표 · 대략 위치
광주,,1,광주비엔날레전시관,Gwangju Biennale Exhibition Hall,herit,35.1822,126.8885,12300,북구,광주비엔날레 본전시가 열리는 중외공원 안의 전시관이다.,Main venue of the Gwangju Biennale in Jungoe Park.,1,미술관,주소 기준 좌표 · 대략 위치
광주,,1,의재미술관,Uijae Museum of Korean Art,herit,35.1306,126.9547,12210,동구,무등산 증심사 계곡에 있는 남종화가 의재 허백련의 기념 미술관이다.,Museum dedicated to Southern-school painter Heo Baek-ryeon (Uijae) in the Jeungsimsa valley of Mudeungsan.,1,미술관,주소 기준 좌표 · 대략 위치
광주,,1,우제길미술관,Woo Jae-gil Museum of Art,herit,35.1353,126.9470,12210,동구,빛을 소재로 한 추상화가 우제길이 세운 사립 미술관이다.,"Private museum founded by abstract painter Woo Jae-gil, known for light-themed works.",1,미술관,주소 기준 좌표 · 대략 위치
광주,,1,이강하미술관,Lee Kang-ha Art Museum,herit,35.1386,126.9150,12270,남구,양림동에 있는 화가 이강하를 기리는 남구 공립 미술관이다.,Nam-gu public museum in Yangnim-dong honoring painter Lee Kang-ha.,1,미술관,주소 기준 좌표 · 대략 위치
대전,,1,이응노미술관,Lee Ungno Museum,herit,36.3671,127.3858,30170,서구,대전시립미술관 옆에 있는 화가 이응노의 작품을 전시하는 시립 미술관이다.,Municipal museum of painter Lee Ungno's works beside Daejeon Museum of Art.,1,미술관,주소 기준 좌표 · 대략 위치
대전,,1,헤레디움,Heredium,herit,36.3283,127.4317,30110,동구,옛 동양척식주식회사 대전지점 건물을 복원한 복합문화예술공간이다.,Art space in the restored former Oriental Development Company Daejeon branch building.,1,미술관,주소 기준 좌표 · 대략 위치
울산,,1,울산시립미술관,Ulsan Art Museum,herit,35.5528,129.3204,31110,중구,2022년 개관한 울산시의 공립 미술관으로 중구 객사 터 옆에 있다.,Ulsan's public art museum opened in 2022 in Jung-gu.,1,미술관,주소 기준 좌표 · 대략 위치
강릉,,1,강릉시립미술관 솔올,Gangneung Museum of Art Solol,herit,37.7720,128.8800,51150,강릉시,교동 솔올지구에 있는 강릉시립미술관 분관으로 2025년 4월 시립으로 개관했다.,"Gangneung Museum of Art's Solol branch, opened as a municipal venue in April 2025.",1,미술관,주소 기준 좌표 · 대략 위치
고성(강원),,1,바우지움조각미술관,Bauzium Sculpture Museum,herit,38.2131,128.4960,51820,고성군,고성 토성면에 있는 조각 전문 사립 미술관이다.,"Private sculpture museum in Toseong-myeon, Goseong.",1,미술관,주소 기준 좌표 · 대략 위치
춘천,,1,이상원미술관,Lee Sang-won Museum of Art,herit,37.9420,127.6290,51110,춘천시,화가 이상원의 작품을 전시하는 춘천 사북면의 사립 미술관이다.,"Private museum of painter Lee Sang-won's work in Sabuk-myeon, Chuncheon.",1,미술관,주소 기준 좌표 · 대략 위치
평창,,1,무이예술관,Mooee Arts Center,herit,37.6015,128.3800,51760,평창군,봉평의 폐교된 무이초등학교를 고쳐 만든 미술관이다.,Art center in the converted former Mui Elementary School in Bongpyeong.,1,미술관,주소 기준 좌표 · 대략 위치
횡성,,1,미술관 자작나무숲,Birch Forest Museum,herit,37.4590,128.0920,51730,횡성군,횡성 우천면의 자작나무 숲 속에 조성된 사립 미술관이다.,"Private art museum set in a birch forest in Ucheon-myeon, Hoengseong.",1,미술관,주소 기준 좌표 · 대략 위치
영월,,1,조선민화박물관,Joseon Folk Painting Museum,herit,37.0980,128.6130,51750,영월군,김삿갓면에 있는 조선 민화 전문 박물관이다.,"Museum of Joseon folk painting (minhwa) in Gimsatgat-myeon, Yeongwol.",1,미술관,주소 기준 좌표 · 대략 위치
아산,,1,당림미술관,Danglim Art Museum,herit,36.7340,127.0390,44200,아산시,화가 이종무가 말년을 보낸 송악면 작업 터에 세운 충남 최초의 미술관이다.,"Chungnam's first art museum, on painter Yi Jong-mu's former studio site in Songak-myeon.",1,미술관,주소 기준 좌표 · 대략 위치
공주,,1,임립미술관,Limlip Museum of Art,herit,36.3755,127.1440,44150,공주시,공주 계룡면에 있는 화가 임립이 세운 사립 미술관이다.,"Private museum founded by painter Lim Lip in Gyeryong-myeon, Gongju.",1,미술관,주소 기준 좌표 · 대략 위치
천안,,1,천안시립미술관,Cheonan Museum of Art,herit,36.8150,127.1080,44133,천안시서북구,불당동에 있는 천안시의 공립 미술관이다.,Cheonan's municipal art museum in Buldang-dong.,1,미술관,주소 기준 좌표 · 대략 위치
창원,,1,경남도립미술관,Gyeongnam Art Museum,herit,35.2295,128.6770,48123,창원시의창구,창원 용지호수 옆에 있는 경상남도의 도립 미술관이다.,Gyeongsangnam-do's provincial art museum by Yongji Lake in Changwon.,1,미술관,주소 기준 좌표 · 대략 위치
진주,,1,진주시립이성자미술관,Rhee Seundja Museum of Art,herit,35.1736,128.1300,48170,진주시,진주 출신 재불화가 이성자의 작품을 전시하는 시립 미술관이다.,"Municipal museum of Jinju-born, Paris-based painter Rhee Seundja.",1,미술관,주소 기준 좌표 · 대략 위치
통영,,1,통영옻칠미술관,Tongyeong Ottchil Art Museum,herit,34.8640,128.4290,48220,통영시,통영 전통 옻칠공예와 옻칠회화를 전시하는 미술관이다.,Museum of Tongyeong lacquer (ottchil) craft and lacquer painting.,1,미술관,주소 기준 좌표 · 대략 위치
포항,,1,포항시립미술관,Pohang Museum of Steel Art,herit,36.0640,129.3830,47113,포항시북구,환호공원 안에 있는 스틸아트 특화 포항시 공립 미술관이다.,"Pohang's municipal art museum specializing in steel art, in Hwanho Park.",1,미술관,주소 기준 좌표 · 대략 위치
경주,,1,경주솔거미술관,Gyeongju Solgeo Art Museum,herit,35.8317,129.2930,47130,경주시,경주엑스포대공원 안에 있는 한국화가 박대성의 작품 중심 공립 미술관이다.,"Public museum centered on Korean painter Park Dae-sung, inside Gyeongju Expo Park.",1,미술관,주소 기준 좌표 · 대략 위치
경주,,1,우양미술관,Wooyang Museum of Contemporary Art,herit,35.8410,129.2840,47130,경주시,보문관광단지에 있는 옛 선재미술관을 이은 현대미술관이다.,"Contemporary art museum in Bomun Resort, successor to the Sonje Museum.",1,미술관,주소 기준 좌표 · 대략 위치
영천,,1,시안미술관,Cian Museum,herit,35.9810,128.8720,47230,영천시,영천 화산면의 폐교를 고쳐 만든 사립 현대미술관이다.,"Private contemporary art museum in a converted closed school in Hwasan-myeon, Yeongcheon.",1,미술관,주소 기준 좌표 · 대략 위치
청송,,1,군립청송야송미술관,Cheongsong Yasong Art Museum,herit,36.5320,129.0520,47750,청송군,한국화가 야송 이원좌의 작품을 중심으로 한 청송군립 미술관이다.,County museum centered on Korean painter Yasong Lee Won-jwa.,1,미술관,주소 기준 좌표 · 대략 위치
영암,,1,영암군립하정웅미술관,Ha Jung-woong Art Museum Yeongam,herit,34.8000,126.6970,46830,영암군,재일교포 수집가 하정웅이 기증한 작품을 바탕으로 한 영암군립 미술관이다.,County museum built on the collection donated by Korean-Japanese collector Ha Jung-woong.,1,미술관,주소 기준 좌표 · 대략 위치
담양,,1,담빛예술창고,Dambit Art Warehouse,herit,35.3205,126.9870,12710,담양군,옛 남송창고(양곡창고)를 고쳐 만든 담양의 미술관 겸 카페다.,Art space and cafe in a converted former grain warehouse in Damyang.,1,미술관,주소 기준 좌표 · 대략 위치
해남,,1,행촌미술관,Haengchon Art Museum,herit,34.5730,126.6000,12790,해남군,행촌문화재단이 운영하는 해남의 미술관이다.,Haenam art museum run by the Haengchon Culture Foundation.,1,미술관,주소 기준 좌표 · 대략 위치
신안,,1,저녁노을미술관,Sunset Art Museum,herit,34.8540,126.3360,12870,신안군,압해도 송공산 분재공원 안에 있는 신안군 공립 미술관이다.,"Sinan County art museum in the bonsai garden on Songgongsan, Aphae Island.",1,미술관,주소 기준 좌표 · 대략 위치
목포,,1,남농기념관,Namnong Memorial Hall,herit,34.7930,126.4300,12110,목포시,남종화가 남농 허건이 1985년 세운 운림산방 화맥 기념 미술관이다.,Museum founded in 1985 by Southern-school painter Heo Geon (Namnong).,1,미술관,주소 기준 좌표 · 대략 위치
진도,,1,남도전통미술관,Namdo Traditional Art Museum,herit,34.4670,126.3070,12860,진도군,운림산방 인근에 있는 한국화 전문 진도군립 미술관이다.,Jindo County museum of traditional Korean painting near Unrim Sanbang.,1,미술관,주소 기준 좌표 · 대략 위치
진도,,1,소전미술관,Sojeon Art Museum,herit,34.4870,126.2630,12860,진도군,진도 출신 서예가 소전 손재형을 기려 2003년 문을 연 미술관이다.,Museum opened in 2003 honoring Jindo-born calligrapher Son Jae-hyeong (Sojeon).,1,미술관,주소 기준 좌표 · 대략 위치
여수,,1,아르떼뮤지엄 여수,ARTE MUSEUM Yeosu,herit,34.7310,127.7450,12130,여수시,여수 돌산에 있는 몰입형 미디어아트 전시관이다.,"Immersive media-art exhibition hall on Dolsan, Yeosu.",1,미술관,주소 기준 좌표 · 대략 위치
군산,,1,이당미술관,Yidang Art House,herit,35.9860,126.7110,52130,군산시,군산 원도심 옛 영화빌딩에 있는 사립 미술관이다.,Private art museum in the old Younghwa Building in Gunsan's old town.,1,미술관,주소 기준 좌표 · 대략 위치
제주,,1,제주도립미술관,Jeju Museum of Art,herit,33.4522,126.4890,50110,제주시,신비의 도로 인근에 있는 제주특별자치도의 도립 미술관이다.,Jeju's provincial art museum near the Mysterious Road.,1,미술관,주소 기준 좌표 · 대략 위치
제주,,1,제주도립 김창열미술관,Kim Tschang-yeul Art Museum,herit,33.3367,126.2690,50110,제주시,물방울 화가 김창열의 기증 작품을 전시하는 저지문화예술인마을의 도립 미술관이다.,Provincial museum in Jeoji Art Village showing works donated by 'water-drop' painter Kim Tschang-yeul.,1,미술관,주소 기준 좌표 · 대략 위치
제주,,1,유동룡미술관,Itami Jun Museum,herit,33.3362,126.2672,50110,제주시,건축가 이타미 준(유동룡)의 건축 세계를 소개하는 저지마을의 사립 미술관이다.,Private museum in Jeoji presenting the work of architect Itami Jun (Yoo Dong-ryong).,1,미술관,주소 기준 좌표 · 대략 위치
제주,,1,기당미술관,Gidang Art Museum,herit,33.2560,126.5470,50130,서귀포시,서귀포 출신 재일교포 기당 강구범이 세운 국내 최초의 시립 미술관이다.,"Korea's first municipal art museum, founded by Gidang Kang Gu-beom, in Seogwipo.",1,미술관,주소 기준 좌표 · 대략 위치
제주,,1,소암기념관,Soam Memorial Hall,herit,33.2462,126.5585,50130,서귀포시,서귀포 출신 서예가 소암 현중화를 기리는 공립 미술관이다.,Public museum honoring Seogwipo-born calligrapher Soam Hyeon Jung-hwa.,1,미술관,주소 기준 좌표 · 대략 위치
제주,,1,왈종미술관,Walchong Art Museum,herit,33.2460,126.5700,50130,서귀포시,정방폭포 입구에 있는 화가 이왈종의 사립 미술관이다.,Private museum of painter Lee Walchong at the entrance to Jeongbang Falls.,1,미술관,주소 기준 좌표 · 대략 위치
제주,,1,아라리오뮤지엄 탑동시네마,Arario Museum Tapdong Cinema,herit,33.5160,126.5210,50110,,옛 탑동 극장을 고쳐 만든 현대미술관이다.,Contemporary art museum in a converted former cinema in Tapdong.,1,미술관,주소 기준 좌표 · 대략 위치
제주,,1,아라리오뮤지엄 동문모텔,Arario Museum Dongmun Motel,herit,33.5130,126.5290,50110,제주시,동문시장 인근 옛 모텔 건물들을 고쳐 만든 현대미술관이다.,Contemporary art museum in converted former motel buildings near Dongmun Market.,1,미술관,주소 기준 좌표 · 대략 위치
제주,,1,김택화미술관,Kim Taek-hwa Art Museum,herit,33.5500,126.6540,50110,제주시,제주 출신 화가 김택화의 작품을 전시하는 조천읍 신흥리의 사립 미술관이다.,"Private museum of Jeju painter Kim Taek-hwa in Sinheung-ri, Jocheon.",1,미술관,주소 기준 좌표 · 대략 위치
제주,,1,유민미술관,Yumin Art Nouveau Collection,herit,33.4238,126.9305,50130,,섭지코지에 안도 다다오가 설계한 건물에 아르누보 유리공예를 전시하는 미술관이다.,Art Nouveau glass museum in a Tadao Ando building at Seopjikoji.,1,미술관,주소 기준 좌표
제주,,1,포도뮤지엄,PODO Museum,herit,33.3105,126.3712,50130,서귀포시,서귀포 안덕면에 있는 사립 미술관 겸 복합문화공간이다.,"Private art museum and cultural space in Andeok-myeon, Seogwipo.",1,미술관,주소 기준 좌표 · 대략 위치
제주,,1,김영갑갤러리두모악,Kim Young-gap Gallery Dumoak,herit,33.3920,126.8480,50130,서귀포시,제주 풍경을 찍은 사진가 김영갑이 폐교를 고쳐 만든 사진 갤러리다.,Photo gallery in a converted school created by Jeju landscape photographer Kim Young-gap.,1,미술관,주소 기준 좌표 · 대략 위치
평창,,1,이효석문학관,Lee Hyo-seok Literary Museum,herit,37.6166,128.3486,51760,평창군,「메밀꽃 필 무렵」의 작가 이효석의 생애와 작품을 소개하는 평창 봉평의 문학관이다.,"Museum in Bongpyeong, Pyeongchang, on Lee Hyo-seok, author of ""When the Buckwheat Blooms"".",1,문학관,주소 기준 좌표 · 대략 위치
원주,,1,박경리문학공원,Park Kyong-ni Literature Park,herit,37.3283,127.9531,51130,원주시,박경리가 「토지」를 집필하며 18년간 살던 옛집과 박경리문학의집이 있는 원주의 문학공원이다.,"Park in Wonju around the house where Park Kyong-ni lived for 18 years while writing ""Toji"", with an exhibition house.",1,문학관,주소 기준 좌표 · 대략 위치
김제,,1,조정래아리랑문학관,Jo Jung-rae Arirang Literary Museum,herit,35.7712,126.8596,52210,김제시,조정래의 대하소설 「아리랑」의 원고와 자료를 전시하는 김제 벽골제 인근의 문학관이다.,"Museum near Byeokgolje, Gimje, displaying manuscripts and materials of Jo Jung-rae's saga novel ""Arirang"".",1,문학관,주소 기준 좌표 · 대략 위치
김제,,1,아리랑문학마을,Arirang Literature Village,herit,35.8180,126.8375,52210,김제시,조정래의 소설 「아리랑」 속 마을과 일제강점기 수탈 현장을 재현한 김제 죽산의 문학 테마마을이다.,"Theme village in Juksan, Gimje, recreating settings from Jo Jung-rae's novel ""Arirang"" and colonial-era exploitation.",1,문학관,주소 기준 좌표 · 대략 위치
전주,,1,최명희문학관,Choi Myung-hee Literary Museum,herit,35.8163,127.1525,52111,전주시완산구,「혼불」의 작가 최명희의 육필 원고와 유품을 전시하는 전주한옥마을 안의 문학관이다.,"Museum in Jeonju Hanok Village with manuscripts and belongings of Choi Myung-hee, author of ""Honbul"".",1,문학관,주소 기준 좌표 · 대략 위치
고창,,1,미당시문학관,Midang Poetry Museum,herit,35.5206,126.6168,52790,고창군,시인 미당 서정주의 고향 선운리에 폐교를 고쳐 세운 문학관이다.,"Museum on poet Seo Jeong-ju (Midang), set in a converted school in his home village of Seonun-ri.",1,문학관,주소 기준 좌표 · 대략 위치
부안,,1,석정문학관,Seokjeong Literary Museum,herit,35.7378,126.7208,52800,부안군,전원시인 신석정의 생애와 작품을 소개하는 부안의 문학관이다.,Museum in Buan on the pastoral poet Shin Seok-jeong.,1,문학관,주소 기준 좌표 · 대략 위치
군산,,1,채만식문학관,Chae Man-sik Literary Museum,herit,36.0010,126.7420,52130,군산시,소설 「탁류」의 무대인 금강변에 자리한 작가 채만식의 문학관이다.,"Museum on novelist Chae Man-sik on the Geumgang riverside, setting of his novel ""Muddy Stream"".",1,문학관,주소 기준 좌표 · 대략 위치
익산,,1,가람 이병기 생가,Birthplace of Garam Yi Byeong-gi,herit,36.0710,127.0560,52140,익산시,시조 시인이자 국문학자 가람 이병기가 태어난 초가로 승운정과 수우재가 남아 있다.,"Thatched birthplace of sijo poet and scholar Yi Byeong-gi (Garam) in Yeosan, Iksan.",1,문학관,주소 기준 좌표 · 대략 위치
서울,,1,윤동주문학관,Yun Dong-ju Literary Museum,herit,37.5926,126.9655,11110,종로구,폐 물탱크를 고쳐 만든 부암동의 시인 윤동주 문학관이다.,"Museum on poet Yun Dong-ju in Buam-dong, Seoul, built from disused water tanks.",1,문학관,주소 기준 좌표 · 대략 위치
서울,,1,김수영문학관,Kim Soo-young Literary Museum,herit,37.6640,127.0305,11320,도봉구,시인 김수영의 육필 원고와 유품을 전시하는 도봉구 방학동의 문학관이다.,"Museum in Banghak-dong, Dobong-gu, with manuscripts and belongings of poet Kim Soo-young.",1,문학관,주소 기준 좌표 · 대략 위치
서울,,1,이상의 집,Yi Sang's House,herit,37.5793,126.9707,11110,종로구,시인이자 소설가 이상이 어린 시절을 보낸 집터에 마련된 서촌의 문화공간이다.,Small cultural space in Seochon on the site of writer Yi Sang's childhood home.,1,문학관,주소 기준 좌표 · 대략 위치
서울,,1,심우장,Simujang (Han Yong-un's House),herit,37.5951,126.9998,11290,성북구,만해 한용운이 말년을 보낸 성북동의 북향 한옥으로 국가지정 사적이다.,North-facing hanok in Seongbuk-dong where Han Yong-un (Manhae) spent his last years; a national historic site.,1,문학관,주소 기준 좌표 · 대략 위치
인천,,1,한국근대문학관,Korean Modern Literature Museum,herit,37.4743,126.6213,28125,중구,개항장 창고를 고쳐 한국 근대문학의 흐름을 전시하는 인천문화재단의 문학관이다.,Incheon Foundation for Arts and Culture museum on modern Korean literature in converted port warehouses.,1,문학관,주소 기준 좌표 · 대략 위치
경기광주,,1,만해기념관,Manhae Memorial Hall,herit,37.4785,127.1832,41610,하남시,"만해 한용운의 생애와 독립운동, 문학 자료를 전시하는 남한산성 안의 기념관이다.","Memorial hall in Namhansanseong on the life, independence activism and writings of Han Yong-un.",1,문학관,주소 기준 좌표 · 대략 위치
화성,,1,노작홍사용문학관,Nojak Hong Sa-yong Literary Museum,herit,37.2008,127.0705,41595,화성시,「백조」 동인 시인 노작 홍사용을 기리는 동탄의 문학관이다.,Museum in Dongtan honoring poet Hong Sa-yong (Nojak) of the Baekjo coterie.,1,문학관,주소 기준 좌표 · 대략 위치
안성,,1,박두진문학관,Park Du-jin Literary Museum,herit,37.0040,127.3050,41550,안성시,청록파 시인 박두진의 생애와 작품을 소개하는 안성맞춤랜드 안의 문학관이다.,Museum in Anseong Machum Land on Cheongnokpa poet Park Du-jin.,1,문학관,주소 기준 좌표 · 대략 위치
안성,,1,조병화문학관,Jo Byung-hwa Literary Museum,herit,37.0627,127.1823,41550,안성시,시인 조병화의 고향 난실리에 세워진 문학관이다.,"Museum in poet Jo Byung-hwa's home village of Nansil-ri, Anseong.",1,문학관,주소 기준 좌표 · 대략 위치
광명,,1,기형도문학관,Ki Hyung-do Literary Museum,herit,37.4422,126.8820,41210,광명시,시인 기형도의 생애와 작품을 소개하는 광명의 문학관이다.,Museum in Gwangmyeong on poet Ki Hyung-do.,1,문학관,주소 기준 좌표 · 대략 위치
부천,,1,수주문학관,Suju Literary Museum,herit,37.5302,126.8139,41196,부천시오정구,시인 수주 변영로를 기리는 고강선사유적공원 안의 문학관이다.,"Museum in Gogang Prehistoric Site Park, Bucheon, honoring poet Byeon Yeong-ro (Suju).",1,문학관,주소 기준 좌표 · 대략 위치
강릉,,1,김동명문학관,Kim Dong-myeong Literary Museum,herit,37.8160,128.8673,51150,강릉시,「내 마음은」의 시인 김동명의 생가 옆에 세운 문학관이다.,"Museum beside the birthplace of poet Kim Dong-myeong in Sacheon, Gangneung.",1,문학관,주소 기준 좌표 · 대략 위치
인제,,1,박인환문학관,Park In-hwan Literary Museum,herit,38.0681,128.1700,51810,인제군,「목마와 숙녀」의 시인 박인환의 고향 인제에 있는 문학관이다.,"Museum in Inje, hometown of poet Park In-hwan (""A Wooden Horse and a Lady"").",1,문학관,주소 기준 좌표 · 대략 위치
화천,,1,이외수문학관,Lee Oisoo Literary Museum,herit,38.1924,127.5967,51790,화천군,소설가 이외수가 머물던 상서면 다목리 감성마을 안의 문학관이다.,"Museum in Gamseong Village, Hwacheon, where novelist Lee Oisoo lived and wrote.",1,문학관,주소 기준 좌표 · 대략 위치
보은,,1,오장환문학관,Oh Jang-hwan Literary Museum,herit,36.4770,127.6290,43720,보은군,시인 오장환의 생가 옆에 세운 보은 회인의 문학관이다.,"Museum beside the birthplace of poet Oh Jang-hwan in Hoein, Boeun.",1,문학관,주소 기준 좌표 · 대략 위치
진천,,1,포석조명희문학관,Poseok Jo Myeong-hui Literary Museum,herit,36.8590,127.4400,43750,진천군,민족문학 작가 포석 조명희를 기리는 진천의 문학관이다.,Museum in Jincheon honoring writer Jo Myeong-hui (Poseok).,1,문학관,주소 기준 좌표 · 대략 위치
당진,,1,심훈기념관,Sim Hun Memorial Hall,herit,36.9411,126.7245,44270,당진시,「상록수」의 작가 심훈이 직접 지은 필경사 옆에 세운 기념관이다.,"Memorial hall beside Pilgyeongsa, the house novelist Sim Hun built and where he wrote ""Evergreen"".",1,문학관,주소 기준 좌표 · 대략 위치
논산,,1,김홍신문학관,Kim Hong-shin Literary Museum,herit,36.2013,127.0886,44230,논산시,「인간시장」의 작가 김홍신의 원고와 기록을 전시하는 논산의 문학관이다.,"Museum in Nonsan displaying manuscripts and records of Kim Hong-shin, author of ""Human Market"".",1,문학관,주소 기준 좌표 · 대략 위치
대전,,1,대전문학관,Daejeon Literature Museum,herit,36.3577,127.4308,30230,대덕구,대전 지역 문학의 역사와 문인 자료를 전시하는 대전문화재단의 문학관이다.,Daejeon Cultural Foundation museum on the literary history and writers of Daejeon.,1,문학관,주소 기준 좌표 · 대략 위치
대구,,1,대구문학관,Daegu Literature Museum,herit,35.8716,128.5955,27110,중구,향촌문화관 건물에 있는 대구 근현대 문학 전시관이다.,Museum of modern Daegu literature in the Hyangchon Cultural Center building.,1,문학관,주소 기준 좌표 · 대략 위치
대구,,1,이상화 고택,Yi Sang-hwa House,herit,35.8681,128.5873,27110,중구,「빼앗긴 들에도 봄은 오는가」의 시인 이상화가 말년을 보낸 계산동 고택이다.,"House in Gyesan-dong where poet Yi Sang-hwa (""Does Spring Come to Stolen Fields?"") spent his last years.",1,문학관,주소 기준 좌표 · 대략 위치
경주,,1,동리목월문학관,Dongni-Mogwol Literary Museum,herit,35.7848,129.3384,47130,경주시,경주 출신 소설가 김동리와 시인 박목월을 기리는 불국사 입구의 문학관이다.,Museum near Bulguksa honoring Gyeongju-born novelist Kim Dong-ni and poet Park Mok-wol.,1,문학관,주소 기준 좌표 · 대략 위치
경주,,1,박목월 생가,Park Mok-wol's Birthplace,herit,35.8456,129.0864,47130,경주시,청록파 시인 박목월이 태어난 건천읍 모량리의 복원 생가다.,"Restored birthplace of Cheongnokpa poet Park Mok-wol in Geoncheon, Gyeongju.",1,문학관,주소 기준 좌표 · 대략 위치
칠곡,,1,구상문학관,Gu Sang Literary Museum,herit,35.9950,128.4012,47850,칠곡군,시인 구상이 머물던 왜관에 세운 문학관이다.,"Museum in Waegwan, Chilgok, where poet Gu Sang lived.",1,문학관,주소 기준 좌표 · 대략 위치
김천,,1,백수문학관,Baeksu Literary Museum,herit,36.1060,128.0080,47150,김천시,현대시조 시인 백수 정완영을 기리는 직지사 인근의 문학관이다.,Museum near Jikjisa honoring modern sijo poet Jeong Wan-yeong (Baeksu).,1,문학관,주소 기준 좌표 · 대략 위치
영양,,1,지훈문학관,Jihun Literary Museum,herit,36.7189,129.1063,47760,영양군,청록파 시인 조지훈의 고향 주실마을에 세운 문학관이다.,"Museum in Jusil Village, Yeongyang, hometown of Cheongnokpa poet Jo Ji-hun.",1,문학관,주소 기준 좌표 · 대략 위치
청송,,1,객주문학관,Gaekju Literary Museum,herit,36.5210,129.0430,47750,청송군,김주영의 소설 「객주」를 주제로 폐교를 고쳐 만든 청송 진보의 문학관이다.,"Museum in Jinbo, Cheongsong, built in a former school around Kim Joo-young's novel ""Gaekju"".",1,문학관,주소 기준 좌표 · 대략 위치
안동,,1,권정생 동화나라,Kwon Jeong-saeng Children's Story Land,herit,36.4700,128.6615,47170,안동시,「강아지똥」의 동화작가 권정생을 기리는 일직면의 폐교 활용 기념 공간이다.,"Memorial space in a former school in Iljik, Andong, for children's author Kwon Jeong-saeng (""Doggy Poo"").",1,문학관,주소 기준 좌표 · 대략 위치
울산,,1,오영수문학관,Oh Young-soo Literary Museum,herit,35.5720,129.1170,31710,울주군,단편소설 작가 난계 오영수를 기리는 울주군 언양의 문학관이다.,"Museum in Eonyang, Ulju, honoring short-story writer Oh Young-soo.",1,문학관,주소 기준 좌표 · 대략 위치
부산,,1,요산김정한문학관,Yosan Kim Jeong-han Literary Museum,herit,35.2645,129.0905,26410,금정구,소설가 요산 김정한의 생가 옆에 세운 금정구 남산동의 문학관이다.,"Museum beside novelist Kim Jeong-han's birthplace in Namsan-dong, Geumjeong-gu, Busan.",1,문학관,주소 기준 좌표 · 대략 위치
부산,,1,추리문학관,Mystery Literature Museum,herit,35.1597,129.1800,26350,해운대구,추리작가 김성종이 1992년 달맞이언덕에 세운 추리문학 전문 도서관이다.,"Library of detective fiction founded in 1992 by mystery writer Kim Seong-jong on Dalmaji Hill, Haeundae.",1,문학관,주소 기준 좌표 · 대략 위치
창원,,1,마산문학관,Masan Literature Museum,herit,35.2203,128.5788,48127,창원시마산회원구,마산 출신 문인과 지역 문학사를 전시하는 노비산의 문학관이다.,"Museum on Nobisan, Masan, on writers and literary history of Masan.",1,문학관,주소 기준 좌표 · 대략 위치
창원,,1,김달진문학관,Kim Dal-jin Literary Museum,herit,35.1330,128.6680,48129,창원시진해구,시인 김달진의 생가와 함께 조성된 진해 소사동의 문학관이다.,"Museum with the restored birthplace of poet Kim Dal-jin in Sosa-dong, Jinhae.",1,문학관,주소 기준 좌표 · 대략 위치
창원,,1,이원수문학관,Lee Won-su Literary Museum,herit,35.2563,128.6383,48121,창원시의창구,동요 「고향의 봄」을 지은 아동문학가 이원수를 기리는 고향의봄도서관 안의 문학관이다.,"Museum in the Gohyang-ui Bom Library honoring children's writer Lee Won-su, lyricist of ""Spring of Hometown"".",1,문학관,주소 기준 좌표 · 대략 위치
통영,,1,청마문학관,Cheongma Literary Museum,herit,34.8437,128.4342,48220,통영시,시인 청마 유치환의 생애와 작품을 소개하는 통영 정량동의 문학관이다.,"Museum in Jeongnyang-dong, Tongyeong, on poet Yu Chi-hwan (Cheongma).",1,문학관,주소 기준 좌표 · 대략 위치
거제,,1,청마기념관,Cheongma Memorial Hall,herit,34.8476,128.5190,48310,거제시,시인 유치환의 생가 옆에 세운 거제 둔덕면의 기념관이다.,"Memorial hall beside poet Yu Chi-hwan's birthplace in Dundeok, Geoje.",1,문학관,주소 기준 좌표 · 대략 위치
하동,,1,이병주문학관,Lee Byung-ju Literary Museum,herit,35.0980,127.8960,48850,하동군,소설가 나림 이병주의 생애와 작품을 소개하는 하동 북천의 문학관이다.,"Museum in Bukcheon, Hadong, on novelist Lee Byung-ju.",1,문학관,주소 기준 좌표 · 대략 위치
하동,,1,하동 박경리문학관,Park Kyong-ni Literary Museum (Hadong),herit,35.1650,127.7230,48850,하동군,「토지」의 무대인 악양 평사리 최참판댁 옆에 2016년 문을 연 박경리 문학관이다.,"Museum opened in 2016 beside Choi Champan House in Pyeongsa-ri, the setting of Park Kyong-ni's ""Toji"".",1,문학관,주소 기준 좌표 · 대략 위치
남해,,1,남해유배문학관,Namhae Exile Literature Museum,herit,34.8120,127.8858,48840,남해군,김만중 등 남해로 유배된 문인들의 유배문학을 전시하는 문학관이다.,"Museum in Namhae on the literature of writers exiled there, such as Kim Man-jung.",1,문학관,주소 기준 좌표 · 대략 위치
강진,,1,영랑생가,Yeongnang's Birthplace,herit,34.6420,126.7680,46810,강진군,「모란이 피기까지는」의 시인 김영랑이 태어난 강진읍의 초가로 국가민속문화유산이다.,Thatched birthplace of poet Kim Yeong-rang in Gangjin; a national folklore heritage.,1,문학관,주소 기준 좌표 · 대략 위치
강진,,1,시문학파기념관,Simunhakpa Memorial Hall,herit,34.6415,126.7688,46810,강진군,1930년대 「시문학」 동인의 자료를 전시하는 영랑생가 옆의 기념관이다.,Hall beside Yeongnang's Birthplace on the 1930s Simunhak poetry coterie.,1,문학관,주소 기준 좌표 · 대략 위치
목포,,1,목포문학관,Mokpo Literature Museum,herit,34.7936,126.4310,12110,목포시,김우진·박화성·차범석·김현 등 목포 출신 문인을 기리는 갓바위 인근의 문학관이다.,"Museum near Gatbawi honoring Mokpo writers Kim U-jin, Park Hwa-seong, Cha Beom-seok and Kim Hyeon.",1,문학관,주소 기준 좌표 · 대략 위치
순천,,1,순천문학관,Suncheon Literature Museum,herit,34.8968,127.4988,12150,순천시,소설가 김승옥과 동화작가 정채봉을 기리는 순천만 인근 초가 문학관이다.,Thatched-house museum near Suncheon Bay honoring novelist Kim Seung-ok and children's writer Jeong Chae-bong.,1,문학관,주소 기준 좌표 · 대략 위치
담양,,1,한국가사문학관,Korean Gasa Literature Museum,herit,35.1870,127.0060,12710,담양군,송강 정철 등 조선 가사문학 자료를 전시하는 담양의 문학관이다.,Museum in Damyang on Joseon gasa poetry such as that of Jeong Cheol.,1,문학관,주소 기준 좌표 · 대략 위치
해남,,1,땅끝순례문학관,Ttangkkeut Pilgrimage Literature Museum,herit,34.5530,126.6175,12790,해남군,고산 윤선도에서 김남주·고정희까지 해남 출신 시인을 소개하는 녹우당 옆 문학관이다.,Museum beside Nogudang introducing Haenam poets from Yun Seon-do to Kim Nam-ju and Ko Jeong-hui.,1,문학관,주소 기준 좌표 · 대략 위치
장흥,,1,천관문학관,Cheongwan Literature Museum,herit,34.5410,126.9110,12770,장흥군,송기숙·이청준·한승원 등 장흥 출신 작가를 소개하는 천관산 기슭의 문학관이다.,"Museum at the foot of Cheongwansan introducing Jangheung writers such as Song Gi-suk, Yi Cheong-jun and Han Seung-won.",1,문학관,주소 기준 좌표 · 대략 위치
광주,,1,광주문학관,Gwangju Literature Museum,herit,35.1755,126.9283,12300,북구,2023년 각화동 시화문화마을에 문을 연 광주 지역 문학 전시관이다.,Museum of Gwangju literature opened in 2023 in Gakhwa-dong's poetry-mural village.,1,문학관,주소 기준 좌표 · 대략 위치
광주,,1,용아 박용철 생가,Birthplace of Yong-a Park Yong-cheol,herit,35.1497,126.7966,12240,광산구,「시문학」 동인 시인 용아 박용철이 태어난 광산구 소촌동의 생가다.,"Birthplace of Simunhak poet Park Yong-cheol (Yong-a) in Socheon-dong, Gwangsan-gu.",1,문학관,주소 기준 좌표 · 대략 위치
제주,,1,제주문학관,Jeju Literature Museum,herit,33.4910,126.5260,50110,제주시,2021년 문을 연 제주 지역 문학의 전시·창작 공간이다.,"Museum of Jeju literature, exhibition and writing space opened in 2021.",1,문학관,주소 기준 좌표 · 대략 위치
