ko,en,zh,ja,es,source
서울,Seoul,首尔,ソウル,Seúl,원천(PoC)
인천,Incheon,仁川,仁川,Incheon,원천(PoC)
수원,Suwon,水原,水原,Suwon,원천(PoC)
용인,Yongin,龙仁,龍仁,Yongin,원천(PoC)
고양,Goyang,高阳,高陽,Goyang,원천(PoC)
파주,Paju (DMZ),坡州 (DMZ),坡州 (DMZ),Paju (DMZ),원천(PoC)
남양주,Namyangju,南杨州,南楊州,Namyangju,원천(PoC)
양주,Yangju,杨州,楊州,Yangju,원천(PoC)
이천,Icheon,利川,利川,Icheon,원천(PoC)
포천,Pocheon,抱川,抱川,Pocheon,원천(PoC)
경기광주,Gwangju-si,京畿广州,京畿広州,Gwangju-si,원천(PoC)
양평,Yangpyeong,杨平,楊平,Yangpyeong,원천(PoC)
여주,Yeoju,骊州,驪州,Yeoju,원천(PoC)
가평,Gapyeong,加平,加平,Gapyeong,원천(PoC)
시흥,Siheung,始兴,始興,Siheung,원천(PoC)
성남,Seongnam,城南,城南,Seongnam,원천(PoC)
부천,Bucheon,富川,富川,Bucheon,원천(PoC)
안산,Ansan,安山,安山,Ansan,원천(PoC)
안양,Anyang,安养,安養,Anyang,앱 번역(2026-10-05)
화성,Hwaseong,华城,華城,Hwaseong,원천(PoC)
평택,Pyeongtaek,平泽,平沢,Pyeongtaek,원천(PoC)
의정부,Uijeongbu,议政府,議政府,Uijeongbu,원천(PoC)
김포,Gimpo,金浦,金浦,Gimpo,원천(PoC)
광명,Gwangmyeong,光明,光明,Gwangmyeong,앱 번역(2026-10-05)
군포,Gunpo,军浦,軍浦,Gunpo,앱 번역(2026-10-05)
하남,Hanam,河南,河南,Hanam,앱 번역(2026-10-05)
오산,Osan,乌山,烏山,Osan,앱 번역(2026-10-05)
안성,Anseong,安城,安城,Anseong,원천(PoC)
의왕,Uiwang,义王,義王,Uiwang,앱 번역(2026-10-05)
동두천,Dongducheon,东豆川,東豆川,Dongducheon,앱 번역(2026-10-05)
과천,Gwacheon,果川,果川,Gwacheon,앱 번역(2026-10-05)
구리,Guri,九里,九里,Guri,앱 번역(2026-10-05)
연천,Yeoncheon,涟川,漣川,Yeoncheon,원천(PoC)
백령도,Baengnyeongdo,白翎岛,白翎島,Baengnyeongdo,앱 번역(2026-10-05)
연평도,Yeonpyeongdo,延坪岛,延坪島,Yeonpyeongdo,앱 번역(2026-10-05)
강릉,Gangneung,江陵,江陵,Gangneung,원천(PoC)
속초,Sokcho,束草,束草,Sokcho,원천(PoC)
양양,Yangyang,襄阳,襄陽,Yangyang,원천(PoC)
춘천,Chuncheon,春川,春川,Chuncheon,원천(PoC)
원주,Wonju,原州,原州,Wonju,원천(PoC)
평창,Pyeongchang,平昌,平昌,Pyeongchang,원천(PoC)
삼척,Samcheok,三陟,三陟,Samcheok,원천(PoC)
인제,Inje,麟蹄,麟蹄,Inje,원천(PoC)
태백,Taebaek,太白,太白,Taebaek,원천(PoC)
고성(강원),Goseong (Gangwon),高城 (江原),高城 (江原),Goseong (Gangwon),원천(PoC)
철원,Cheorwon,铁原,鉄原,Cheorwon,원천(PoC)
정선,Jeongseon,旌善,旌善,Jeongseon,원천(PoC)
영월,Yeongwol,宁越,寧越,Yeongwol,원천(PoC)
동해,Donghae,东海,東海,Donghae,원천(PoC)
홍천,Hongcheon,洪川,洪川,Hongcheon,원천(PoC)
횡성,Hoengseong,横城,横城,Hoengseong,원천(PoC)
화천,Hwacheon,华川,華川,Hwacheon,원천(PoC)
양구,Yanggu,杨口,楊口,Yanggu,원천(PoC)
대전,Daejeon,大田,大田,Daejeon,원천(PoC)
세종,Sejong,世宗,世宗,Sejong,원천(PoC)
청주,Cheongju,清州,清州,Cheongju,원천(PoC)
천안,Cheonan,天安,天安,Cheonan,원천(PoC)
아산,Asan,牙山,牙山,Asan,원천(PoC)
공주,Gongju,公州,公州,Gongju,원천(PoC)
부여,Buyeo,扶余,扶余,Buyeo,원천(PoC)
논산,Nonsan,论山,論山,Nonsan,원천(PoC)
서천,Seocheon,舒川,舒川,Seocheon,원천(PoC)
보령,Boryeong,保宁,保寧,Boryeong,원천(PoC)
태안,Taean,泰安,泰安,Taean,원천(PoC)
당진,Dangjin,唐津,唐津,Dangjin,원천(PoC)
서산,Seosan,瑞山,瑞山,Seosan,원천(PoC)
홍성,Hongseong,洪城,洪城,Hongseong,원천(PoC)
예산,Yesan,礼山,礼山,Yesan,원천(PoC)
충주,Chungju,忠州,忠州,Chungju,원천(PoC)
제천,Jecheon,堤川,堤川,Jecheon,원천(PoC)
단양,Danyang,丹阳,丹陽,Danyang,원천(PoC)
보은,Boeun,报恩,報恩,Boeun,원천(PoC)
옥천,Okcheon,沃川,沃川,Okcheon,원천(PoC)
영동,Yeongdong,永同,永同,Yeongdong,앱 번역(2026-10-05)
증평,Jeungpyeong,曾坪,曾坪,Jeungpyeong,앱 번역(2026-10-05)
진천,Jincheon,镇川,鎮川,Jincheon,앱 번역(2026-10-05)
괴산,Goesan,槐山,槐山,Goesan,앱 번역(2026-10-05)
음성,Eumseong,阴城,陰城,Eumseong,앱 번역(2026-10-05)
계룡,Gyeryong,鸡龙,鶏龍,Gyeryong,앱 번역(2026-10-05)
금산,Geumsan,锦山,錦山,Geumsan,앱 번역(2026-10-05)
청양,Cheongyang,青阳,青陽,Cheongyang,앱 번역(2026-10-05)
대구,Daegu,大邱,大邱,Daegu,원천(PoC)
경주,Gyeongju,庆州,慶州,Gyeongju,원천(PoC)
안동,Andong,安东,安東,Andong,원천(PoC)
포항,Pohang,浦项,浦項,Pohang,원천(PoC)
구미,Gumi,龟尾,亀尾,Gumi,원천(PoC)
영주,Yeongju,荣州,栄州,Yeongju,원천(PoC)
문경,Mungyeong,闻庆,聞慶,Mungyeong,원천(PoC)
울진,Uljin,蔚珍,蔚珍,Uljin,원천(PoC)
청송,Cheongsong,青松,青松,Cheongsong,원천(PoC)
영덕,Yeongdeok,盈德,盈德,Yeongdeok,원천(PoC)
고령,Goryeong,高灵,高霊,Goryeong,원천(PoC)
울릉,Ulleung,郁陵,鬱陵,Ulleung,원천(PoC)
상주,Sangju,尚州,尚州,Sangju,원천(PoC)
김천,Gimcheon,金泉,金泉,Gimcheon,앱 번역(2026-10-05)
봉화,Bonghwa,奉化,奉化,Bonghwa,원천(PoC)
영천,Yeongcheon,永川,永川,Yeongcheon,원천(PoC)
경산,Gyeongsan,庆山,慶山,Gyeongsan,원천(PoC)
군위,Gunwi,军威,軍威,Gunwi,앱 번역(2026-10-05)
의성,Uiseong,义城,義城,Uiseong,앱 번역(2026-10-05)
영양,Yeongyang,英阳,英陽,Yeongyang,앱 번역(2026-10-05)
청도,Cheongdo,清道,清道,Cheongdo,원천(PoC)
성주,Seongju,星州,星州,Seongju,앱 번역(2026-10-05)
칠곡,Chilgok,漆谷,漆谷,Chilgok,앱 번역(2026-10-05)
예천,Yecheon,醴泉,醴泉,Yecheon,앱 번역(2026-10-05)
부산,Busan,釜山,釜山,Busan,원천(PoC)
울산,Ulsan,蔚山,蔚山,Ulsan,원천(PoC)
창원,Changwon,昌原,昌原,Changwon,원천(PoC)
김해,Gimhae,金海,金海,Gimhae,원천(PoC)
양산,Yangsan,梁山,梁山,Yangsan,원천(PoC)
거제,Geoje,巨济,巨済,Geoje,원천(PoC)
통영,Tongyeong,统营,統営,Tongyeong,원천(PoC)
진주,Jinju,晋州,晋州,Jinju,원천(PoC)
남해,Namhae,南海,南海,Namhae,원천(PoC)
합천,Hapcheon,陕川,陜川,Hapcheon,원천(PoC)
함양,Hamyang,咸阳,咸陽,Hamyang,원천(PoC)
함안,Haman,咸安,咸安,Haman,원천(PoC)
창녕,Changnyeong,昌宁,昌寧,Changnyeong,원천(PoC)
고성,Goseong,固城,固城,Goseong,원천(PoC)
사천,Sacheon,泗川,泗川,Sacheon,원천(PoC)
밀양,Miryang,密阳,密陽,Miryang,원천(PoC)
거창,Geochang,居昌,居昌,Geochang,원천(PoC)
하동,Hadong,河东,河東,Hadong,원천(PoC)
산청,Sancheong,山清,山清,Sancheong,원천(PoC)
의령,Uiryeong,宜宁,宜寧,Uiryeong,앱 번역(2026-10-05)
전주,Jeonju,全州,全州,Jeonju,원천(PoC)
여수,Yeosu,丽水,麗水,Yeosu,원천(PoC)
순천,Suncheon,顺天,順天,Suncheon,원천(PoC)
목포,Mokpo,木浦,木浦,Mokpo,원천(PoC)
남원,Namwon,南原,南原,Namwon,원천(PoC)
군산,Gunsan,群山,群山,Gunsan,원천(PoC)
익산,Iksan,益山,益山,Iksan,원천(PoC)
광주,Gwangju,光州,光州,Gwangju,원천(PoC)
담양,Damyang,潭阳,潭陽,Damyang,원천(PoC)
고창,Gochang,高敞,高敞,Gochang,원천(PoC)
정읍,Jeongeup,井邑,井邑,Jeongeup,원천(PoC)
장성,Jangseong,长城,長城,Jangseong,원천(PoC)
화순,Hwasun,和顺,和順,Hwasun,원천(PoC)
해남,Haenam,海南,海南,Haenam,원천(PoC)
보성,Boseong,宝城,宝城,Boseong,원천(PoC)
신안,Sinan,新安,新安,Sinan,원천(PoC)
부안,Buan,扶安,扶安,Buan,원천(PoC)
무주,Muju,茂朱,茂朱,Muju,원천(PoC)
완도,Wando,莞岛,莞島,Wando,원천(PoC)
광양,Gwangyang,光阳,光陽,Gwangyang,원천(PoC)
임실,Imsil,任实,任実,Imsil,원천(PoC)
곡성,Gokseong,谷城,谷城,Gokseong,원천(PoC)
장흥,Jangheung,长兴,長興,Jangheung,원천(PoC)
순창,Sunchang,淳昌,淳昌,Sunchang,원천(PoC)
장수,Jangsu,长水,長水,Jangsu,원천(PoC)
진안,Jinan,镇安,鎮安,Jinan,원천(PoC)
완주,Wanju,完州,完州,Wanju,원천(PoC)
김제,Gimje,金堤,金堤,Gimje,앱 번역(2026-10-05)
나주,Naju,罗州,羅州,Naju,원천(PoC)
구례,Gurye,求礼,求礼,Gurye,원천(PoC)
고흥,Goheung,高兴,高興,Goheung,앱 번역(2026-10-05)
강진,Gangjin,康津,康津,Gangjin,앱 번역(2026-10-05)
영암,Yeongam,灵岩,霊巌,Yeongam,앱 번역(2026-10-05)
무안,Muan,务安,務安,Muan,원천(PoC)
함평,Hampyeong,咸平,咸平,Hampyeong,앱 번역(2026-10-05)
영광,Yeonggwang,灵光,霊光,Yeonggwang,원천(PoC)
진도,Jindo,珍岛,珍島,Jindo,원천(PoC)
제주,Jeju,济州,済州,Jeju,원천(PoC)
서귀포,Seogwipo,西归浦,西帰浦,Seogwipo,원천(PoC)
