region,stopName,tours,ko,en,cat,lat,lng,signgu,muni,desc,descEn
대전,유성온천족욕체험장,3,유성온천 족욕체험장,Yuseong Hot Spring Foot Bath,heal,36.3541,127.3418,30200,유성구,유성온천 거리의 무료 온천 족욕장.,Free hot-spring foot bath on the Yuseong spa street.
대전,효월드,1,효월드(뿌리공원),Hyo World (Ppuri Park),herit,36.2804,127.3861,30140,중구,효를 주제로 한 뿌리공원과 효문화진흥원 일대.,"Ppuri Park and the Hyo Culture Center, a park themed on filial piety."
대전,대청댐물문화관,1,대청댐 물문화관,Daecheong Dam Water Culture Center,heal,36.4757,127.4790,30230,대덕구,대청댐 전망과 물 전시가 있는 홍보관.,Exhibition hall overlooking Daecheong Dam with displays on water.
대전,칠백의총,1,칠백의총,Chilbaeguichong Shrine,herit,36.1181,127.5134,44710,금산군,임진왜란 금산 전투 700 의병을 모신 사적.,Shrine to the 700 militia who fell in the Geumsan battle of the Imjin War.
대전,금산인삼시장,1,금산 인삼약령시장,Geumsan Ginseng Market,food,36.1073,127.4878,44710,금산군,전국 인삼 거래의 중심 시장.,Korea's central ginseng trading market.
대전,난계국악박물관,1,난계국악박물관,Nangye Korean Traditional Music Museum,herit,36.2016,127.7033,43740,영동군,영동 난계 박연을 기리는 국악 전문 박물관.,Museum of traditional Korean music honoring Yeongdong's master Park Yeon.
대전,영동전통시장,1,영동전통시장,Yeongdong Traditional Market,food,36.1748,127.7829,43740,영동군,영동 읍내 전통시장.,Traditional market in downtown Yeongdong.
대전,육영수 생가,1,육영수 생가,Birthplace of Yuk Young-soo,herit,36.3097,127.5794,43730,옥천군,옥천 교동의 전통 한옥 생가.,Traditional hanok birthplace in Okcheon's Gyo-dong.
대전,정지용문학관,1,정지용문학관,Jeong Ji-yong Literary Museum,herit,36.3063,127.5703,43730,옥천군,시인 정지용의 생가와 문학관.,Birthplace and literary museum of the poet Jeong Ji-yong.
논산,계백장군유적지,1,계백장군 유적지,General Gyebaek Historic Site,herit,36.1839,127.0671,44230,논산시,황산벌 전투 계백 장군 묘역과 백제군사박물관.,Tomb of General Gyebaek of the Hwangsanbeol battle and the Baekje Military Museum.
논산,강경 젓갈시장,1,강경 젓갈시장,Ganggyeong Salted Seafood Market,food,36.1601,127.0150,44230,논산시,금강 포구 강경의 젓갈 거리.,Salted-seafood street in the old river port of Ganggyeong.
공주,계룡산 도예촌,1,계룡산 도예촌,Gyeryongsan Pottery Village,activity,36.3553,127.2385,44150,공주시,철화분청사기를 재현하는 도예 마을.,Pottery village reviving iron-painted buncheong ware.
보은,속리산국립공원,1,속리산국립공원,Songnisan National Park,heal,36.5436,127.8318,43720,보은군,법주사 들머리 세조길과 문장대 산행.,Sejo Trail at the Beopjusa entrance and the hike to Munjangdae.
보은,정이품송,1,정이품송,Jeongipumsong Pine,herit,36.5208,127.7963,43720,보은군,벼슬을 받은 600년 소나무 천연기념물.,"600-year-old pine tree granted a court rank, a natural monument."
보은,보은 선병국가옥,1,선병국 가옥,Seon Byeong-guk House,herit,36.4435,127.7466,43720,보은군,개화기 대규모 한옥 저택.,Large hanok mansion from the enlightenment era.
세종,대통령기록관,3,대통령기록관,Presidential Archives,herit,36.5031,127.2812,36110,세종시,역대 대통령 기록을 전시하는 기록관.,Archive exhibiting the records of Korea's presidents.
세종,조천 벚꽃길,2,조천 벚꽃길,Jocheon Cherry Blossom Road,heal,36.6012,127.2963,36110,세종시,조치원 조천변 벚꽃 산책길.,Cherry-blossom walk along the Jocheon stream in Jochiwon.
세종,금강수목원,1,금강자연휴양림 수목원,Geumgang Arboretum,heal,36.4504,127.2879,36110,세종시,금남면 금강 변 산림박물관과 수목원.,Forest museum and arboretum by the Geum River in Geumnam.
아산,신정호정원,3,신정호 정원,Sinjeongho Lake Garden,heal,36.7768,126.9962,44200,아산시,신정호 둘레 수변 산책길과 정원.,Lakeside walking paths and gardens around Sinjeongho Lake.
아산,아산온천,1,아산온천,Asan Hot Spring,heal,36.8441,127.0562,44200,아산시,음봉면 온천 단지.,Hot-spring complex in Eumbong-myeon.
아산,은행나무길,1,곡교천 은행나무길,Gokgyocheon Ginkgo Road,heal,36.7764,127.0184,44200,아산시,현충사 앞 곡교천 은행나무 가로수길.,Ginkgo-lined avenue along Gokgyocheon in front of Hyeonchungsa.
양구,DMZ자생식물권,1,DMZ자생식물원,DMZ Botanic Garden,heal,38.2857,128.1263,51800,양구군,펀치볼 해안면의 자생식물원.,Native plant garden in the Punchbowl basin of Haean-myeon.
양구,양구군립박수근미술관,1,박수근미술관,Park Soo Keun Museum,herit,38.1071,127.9958,51800,양구군,화가 박수근의 고향 미술관.,Art museum in the hometown of the painter Park Soo Keun.
양산,남부시장,3,양산 남부시장,Yangsan Nambu Market,food,35.3380,129.0351,48330,양산시,양산 원도심 전통시장.,Traditional market in old downtown Yangsan.
양주,천일홍 축제장,1,나리농원,Nari Farm,heal,37.8223,127.0573,41630,양주시,천일홍 축제가 열리는 꽃밭 정원.,Flower farm where the globe amaranth festival is held.
완주,소양고택,3,소양고택,Soyang Hanok,herit,35.8982,127.2293,52710,완주군,오성마을의 고택 복합문화공간.,Old hanok turned cultural complex in Oseong village.
완주,오성한옥문화센터,3,오성한옥마을,Oseong Hanok Village,herit,35.9012,127.2352,52710,완주군,종남산 아래 한옥 마을과 문화센터.,Hanok village and culture center below Jongnamsan.
완주,공기마을 편백숲,1,공기마을 편백숲,Gonggi Village Cypress Forest,heal,35.7579,127.2131,52710,완주군,상관면 편백나무 숲길.,Cypress forest trail in Sanggwan-myeon.
광양,윤동주유고보존 정병욱가옥,2,윤동주 유고 보존 정병욱 가옥,Jeong Byeong-uk House,herit,34.9693,127.7521,12190,광양시,윤동주 시집 원고를 지킨 망덕포구의 가옥.,House at Mangdeok port where Yun Dong-ju's manuscripts were kept safe.
군산,시간여행마을 일원,2,군산 시간여행마을,Gunsan Time Travel Village,herit,35.9872,126.7109,52130,군산시,근대 건축이 모인 원도심 거리.,Old downtown streets lined with modern-era architecture.
대구,현풍도깨비시장,2,현풍백년도깨비시장,Hyeonpung Dokkaebi Market,food,35.6951,128.4479,27710,달성군,달성 현풍의 백년 전통시장.,"Century-old traditional market in Hyeonpung, Dalseong."
대구,군위삼존석굴,1,군위 삼존석굴,Gunwi Grotto Buddha Triad,herit,36.1136,128.6407,27720,군위군,제2석굴암으로 불리는 통일신라 석굴.,Unified Silla grotto known as the second Seokguram.
대구,사문진나루,1,사문진 나루터,Samunjin Ferry,heal,35.8072,128.4902,27710,달성군,피아노가 처음 들어온 낙동강 나루터 공원.,Riverside park at the Nakdong ferry where Korea's first piano arrived.
대구,인흥마을,1,남평문씨 본리세거지,Nampyeong Mun Clan Village,herit,35.7991,128.4950,27710,달성군,인흥마을의 고택과 능소화 돌담길.,Old houses and trumpet-vine stone walls of Inheung village.
대구,한밤마을,1,한밤마을,Hanbam Village,herit,36.1203,128.6543,27720,군위군,돌담길로 유명한 부계면 전통 마을.,Traditional village in Bugye-myeon famed for its stone-wall lanes.
사천,선진거북선공원 선진리성,1,선진리성,Seonjinri Fortress,herit,34.9950,128.0683,48240,사천시,이순신 사천해전 격전지의 성과 공원.,Fortress and park at the site of Admiral Yi's Sacheon sea battle.
서산,동부시장,2,서산 동부전통시장,Seosan Dongbu Market,food,36.7832,126.4532,44210,서산시,서산 읍내 전통시장.,Traditional market in downtown Seosan.
시흥,시흥 프리미엄아울렛,2,신세계 프리미엄아울렛 시흥,Siheung Premium Outlets,activity,37.3683,126.7347,41390,시흥시,배곧 신도시의 대형 아울렛.,Large outlet mall in the Baegot new town.
시흥,갯골생태공원 등,1,시흥갯골생태공원,Siheung Gaetgol Eco Park,heal,37.3886,126.7811,41390,시흥시,내만 갯골과 염전 흔적의 생태공원.,Eco park of inland tidal channels and old salt pans.
시흥,웨이브파크,1,웨이브파크,Wave Park,activity,37.3487,126.6879,41390,시흥시,거북섬의 인공 서핑 파크.,Artificial surfing park on Geobukseom island.
안동,안동민속박물관,2,안동민속박물관,Andong Folk Museum,herit,36.5791,128.7618,47170,안동시,안동댐 아래 민속박물관과 야외 민속촌.,Folk museum and open-air folk village below Andong Dam.
안동,낙동강음악분수,1,낙동강 음악분수,Nakdonggang Musical Fountain,heal,36.5622,128.7343,47170,안동시,낙동강변 야간 음악분수.,Night-time musical fountain on the Nakdong riverside.
안동,이천동석불상 또는 까치와 호랑이,1,안동 이천동 마애여래입상,Icheon-dong Stone Buddha,herit,36.5816,128.7141,47170,안동시,제비원 미륵으로 불리는 고려 석불.,Goryeo stone Buddha known as the Jebiwon Maitreya.
안산,구봉도카페거리해솔길,1,구봉도 해솔길,Gubongdo Haesol Trail,sea,37.2691,126.5603,41273,안산시단원구,대부도 구봉도의 해안 솔숲 길.,"Coastal pine trail on Gubongdo, Daebudo."
안산,대부도 동춘서커스,1,동춘서커스,Dongchun Circus,activity,37.2141,126.5620,41273,안산시단원구,대부도 상설 서커스 공연장.,Permanent circus venue on Daebudo.
안산,탄도누에섬,1,탄도항 누에섬,Tando Nuaeseom Island,sea,37.1761,126.6438,41273,안산시단원구,물이 빠지면 걸어가는 등대섬.,Lighthouse island reachable on foot at low tide.
여수,종포해양공원,2,종포해양공원,Jongpo Marine Park,sea,34.7399,127.7402,12130,여수시,여수 밤바다 노래의 바닷가 공원.,Seaside park from the song about Yeosu's night sea.
여수,손양원목사순교지,1,손양원 목사 순교기념관,Son Yang-won Memorial,herit,34.7497,127.6611,12130,여수시,애양원의 순교 기념관.,Martyrdom memorial at the Aeyangwon compound.
울산,삼호대숲,1,태화강 삼호대숲,Samho Bamboo Forest,heal,35.5452,129.2764,31140,남구,철새가 깃드는 태화강 대숲.,Bamboo grove on the Taehwa River where migratory birds roost.
익산,원불교총부,2,원불교 중앙총부,Won Buddhism Headquarters,herit,35.9702,126.9560,52140,익산시,원불교 성지와 근대 건축.,Won Buddhist sacred site with modern-era buildings.
익산,익산쌍릉,1,익산 쌍릉,Iksan Twin Tombs,herit,35.9893,127.0053,52140,익산시,무왕 부부 능으로 전하는 백제 고분.,Baekje tombs said to belong to King Mu and his queen.
인천,G타워,1,G타워 전망대,G-Tower Observatory,activity,37.3903,126.6412,28185,연수구,송도 국제도시를 내려다보는 전망대.,Observatory overlooking Songdo International City.
인천,강화평화전망대,1,강화평화전망대,Ganghwa Peace Observatory,herit,37.7851,126.4103,28710,강화군,북녘 땅을 마주하는 전망대.,Observatory facing the land to the north.
인천,교동제비집,1,교동제비집,Gyodong Jebijip,herit,37.7880,126.2821,28710,강화군,교동도 대룡시장 옆 관광안내 복합공간.,Visitor complex beside Daeryong Market on Gyodong island.
인천,보문사,1,석모도 보문사,Bomunsa Temple,herit,37.6979,126.3159,28710,강화군,낙가산 눈썹바위 마애불이 있는 사찰.,Temple with the eyebrow-rock relief Buddha on Nakgasan.
인천,선재도 목섬,1,선재도 목섬,Seonjaedo Mokseom,sea,37.2457,126.5190,28720,옹진군,바닷길이 열리는 작은 섬.,Tiny island reached by a path that opens at low tide.
인천,소무의도,1,소무의도,Somuuido Island,sea,37.3634,126.4493,28125,중구,무의도에서 다리로 건너는 섬 둘레길.,Island loop trail reached by footbridge from Muuido.
인천,십리포해수욕장,1,십리포해수욕장,Simnipo Beach,sea,37.2663,126.4832,28720,옹진군,영흥도 소사나무 군락의 해변.,Beach on Yeongheungdo backed by a hornbeam grove.
인천,외포항 젓갈수산시장,1,외포리 젓갈수산시장,Oepo Salted Seafood Market,food,37.7071,126.3658,28710,강화군,석모도 가는 길목의 젓갈 시장.,Salted-seafood market on the way to Seokmodo.
인천,을왕리 해변,1,을왕리해수욕장,Eurwangni Beach,sea,37.4480,126.3730,28125,중구,영종도 서쪽 노을 해변.,Sunset beach on the west side of Yeongjongdo.
인천,파라다이스시티,1,파라다이스시티,Paradise City,activity,37.4529,126.4479,28125,중구,영종도 복합 리조트와 아트 공간.,Integrated resort and art space on Yeongjongdo.
인천,화개정원,1,화개정원,Hwagae Garden,heal,37.7731,126.2882,28710,강화군,교동도 화개산 자락 정원과 전망대.,"Garden and observatory on Hwagaesan, Gyodong island."
인천,화평동 냉면거리,1,화평동 세숫대야 냉면거리,Hwapyeong Naengmyeon Street,food,37.4739,126.6324,28140,동구,대야 냉면으로 유명한 골목.,Alley famous for washbasin-sized bowls of cold noodles.
제주,동문시장,2,제주 동문시장,Jeju Dongmun Market,food,33.5121,126.5281,50110,제주시,제주 최대 상설 시장과 야시장.,Jeju's largest permanent market and night market.
제주,김만덕기념관,1,김만덕기념관,Kim Man-deok Memorial Hall,herit,33.5168,126.5272,50110,제주시,거상 김만덕을 기리는 기념관.,Memorial to the merchant philanthropist Kim Man-deok.
제주,어영공원,1,어영공원,Eoyeong Park,sea,33.5081,126.4878,50110,제주시,용두암 서쪽 해안 산책 공원.,Coastal walking park west of Yongduam.
제주,이호목마등대,1,이호테우 말등대,Iho Tewoo Horse Lighthouses,sea,33.4981,126.4535,50110,제주시,이호테우해변의 조랑말 모양 등대.,Pony-shaped lighthouses at Iho Tewoo beach.
제주,제주시민속오일시장,1,제주시민속오일시장,Jeju Folk Five-day Market,food,33.4951,126.4762,50110,제주시,2·7일에 열리는 제주 최대 오일장.,"Jeju's largest five-day market, open on dates ending in 2 and 7."
천안,태학산 치유의 숲,1,태학산 자연휴양림,Taehaksan Healing Forest,heal,36.7221,127.0867,44131,천안시동남구,풍세면 산림욕 치유의 숲.,Healing forest for forest bathing in Pungse-myeon.
춘천,G상상마당,1,KT&G 상상마당 춘천,KT&G Sangsangmadang Chuncheon,activity,37.8719,127.7119,51110,춘천시,의암호변 옛 어린이회관 문화공간.,Cultural venue in the former children's hall on Uiam Lake.
춘천,구봉산 카페거리,1,구봉산 전망대 카페거리,Gubongsan Cafe Street,heal,37.8820,127.7761,51110,춘천시,춘천 시내가 보이는 언덕 카페 거리.,Hilltop cafe street with views over Chuncheon.
춘천,중도물레길카누,1,물레길 카누,Mullegil Canoe,activity,37.8923,127.7079,51110,춘천시,의암호 물레길 카누 체험.,Canoe experience on the Mullegil of Uiam Lake.
태백,황지자유시장,1,황지자유시장,Hwangji Market,food,37.1660,128.9862,51190,태백시,태백 읍내 전통시장.,Traditional market in downtown Taebaek.
태안,만리포해변,1,만리포해수욕장,Mallipo Beach,sea,36.7883,126.1431,44825,태안군,서해 3대 해수욕장 중 하나.,One of the three great beaches of the west coast.
파주,마장호수 출렁다리,2,마장호수 출렁다리,Majang Lake Suspension Bridge,heal,37.7593,126.9208,41480,파주시,호수 위를 걷는 220m 흔들다리.,220 m suspension bridge across a lake.
파주,이이유적지,1,자운서원(율곡 이이 유적),Jaun Seowon,herit,37.8360,126.8548,41480,파주시,율곡 이이와 신사임당 묘역이 있는 서원.,Confucian academy with the tombs of Yi I and Shin Saimdang.
포항,호미곶광장,2,호미곶 해맞이광장,Homigot Sunrise Square,sea,36.0763,129.5672,47111,포항시남구,상생의 손이 선 한반도 동쪽 끝 광장.,Square at Korea's eastern tip with the Hands of Harmony sculpture.
포항,과메기문화관,1,구룡포 과메기문화관,Gwamegi Culture Center,herit,36.0540,129.5485,47111,포항시남구,구룡포 과메기와 어촌 문화 전시관.,Exhibition on Guryongpo's half-dried herring and fishing culture.
포항,사방기념공원,1,사방기념공원,Erosion Control Memorial Park,heal,36.2010,129.3760,47113,포항시북구,흥해 바닷가 사방사업 기념 공원.,Seaside park commemorating erosion-control works in Heunghae.
화성,백미리어촌체험마을,2,백미리 어촌체험마을,Baengmi-ri Fishing Village,sea,37.1210,126.6830,41595,화성시,갯벌 체험으로 알려진 어촌.,Fishing village known for mudflat experiences.
화성,국화도입파도,1,국화도,Gukhwado Island,sea,37.0690,126.5560,41595,화성시,궁평항에서 배로 가는 작은 섬.,Small island reached by boat from Gungpyeong port.
화성,매향리,1,매향리 평화생태공원,Maehyang-ri Peace Park,herit,37.1090,126.7360,41595,화성시,옛 미군 사격장 터의 평화공원.,Peace park on the site of a former US bombing range.
화성,발안만세시장,1,발안만세시장,Baran Manse Market,food,37.1232,126.8742,41595,화성시,3·1운동 유적이 있는 발안 전통시장.,Traditional market with March 1st Movement sites.
화성,서해랑해상케이블카,1,서해랑 제부도 해상케이블카,Seohaerang Cable Car,activity,37.1875,126.6562,41595,화성시,전곡항과 제부도를 잇는 해상 케이블카.,Sea cable car linking Jeongok port and Jebudo.
화성,융건릉,1,융건릉,Yungneung and Geolleung Royal Tombs,herit,37.2130,126.9947,41591,화성시,사도세자와 정조의 능.,Royal tombs of Crown Prince Sado and King Jeongjo.
화천,산타우체국,2,산천어 산타우체국,Santa Post Office,activity,38.1050,127.7050,51790,화천군,산천어축제장 옆 산타 테마 우체국.,Santa-themed post office beside the ice festival grounds.
공주,연미산자연미술공원 10,1,연미산자연미술공원,Yeonmisan Nature Art Park,heal,36.4779,127.1061,44150,공주시,금강 변 숲 속 설치미술 공원.,Installation art park in the forest by the Geum River.
공주,옛공주읍사무소,1,옛 공주읍사무소,Old Gongju Town Hall,herit,36.4557,127.1264,44150,공주시,1920년대 근대 건축 전시관.,1920s modern building now used as an exhibition hall.
공주,충남역사박물관,1,충남역사박물관,Chungnam History Museum,herit,36.4561,127.1320,44150,공주시,충남 지역사 박물관.,Museum of regional history of Chungcheongnam-do.
공주,하숙마을,1,공주 하숙마을,Gongju Boarding Village,herit,36.4580,127.1285,44150,공주시,제민천변 옛 하숙집 거리 문화공간.,Cultural space in old boarding houses along Jemincheon.
동해,묵호시장,1,묵호중앙시장,Mukho Market,food,37.5559,129.1148,51170,동해시,묵호항 옆 전통시장.,Traditional market beside Mukho port.
목포,근대역사관 1관,1,목포근대역사관 1관,Mokpo Modern History Museum,herit,34.7889,126.3830,12110,목포시,옛 일본영사관 건물의 역사관.,History museum in the former Japanese consulate.
목포,목포종합수산시장,1,목포종합수산시장,Mokpo Fish Market,food,34.7850,126.3760,12110,목포시,홍어와 활어를 파는 항구 시장.,Harbor market selling skate and live fish.
부산,국립해양막물관,1,국립해양박물관,Korea National Maritime Museum,herit,35.0780,129.0800,26200,영도구,영도 동삼동의 해양 전문 박물관.,"National maritime museum in Dongsam-dong, Yeongdo."
부산,영도해녀촌,1,영도 중리 해녀촌,Yeongdo Haenyeo Village,food,35.0580,129.0810,26200,영도구,해녀가 바로 잡은 해산물을 내는 바닷가.,Seaside spot where haenyeo divers serve freshly caught seafood.
부여,부여관아,1,부여 관아(객사·동헌),Buyeo Government Office,herit,36.2800,126.9120,44760,부여군,부여 읍내 조선 관아 건물.,Joseon government office buildings in downtown Buyeo.
서천,마량진 동백나무숲,1,마량리 동백나무숲,Maryang Camellia Forest,heal,36.1310,126.5030,44770,서천군,동백정 언덕의 500년 동백숲.,500-year-old camellia grove on the Dongbaekjeong hill.
서천,서천특화시장 화,1,서천특화시장,Seocheon Specialty Market,food,36.0780,126.6900,44770,서천군,서천 읍내 수산 특화시장.,Seafood specialty market in downtown Seocheon.
서천,판교근대역사문화공간,1,판교 근대역사문화공간,Pangyo Modern Heritage Area,herit,36.1530,126.7640,44770,서천군,옛 판교역 주변 근대 거리.,Modern-era streets around the old Pangyo station.
수원,봉녕사 템플스테이,1,봉녕사,Bongnyeongsa Temple,herit,37.2890,127.0290,41117,수원시팔달구,광교산 자락 비구니 사찰.,Bhikkhuni temple at the foot of Gwanggyosan.
순천,철도관사마을,1,순천 철도관사마을,Suncheon Railway Village,herit,34.9500,127.5050,12150,순천시,일제 때 철도 관사가 남은 마을.,Village of railway staff houses from the colonial period.
완도,장보고유적지,1,청해진 유적(장도),Cheonghaejin Site,herit,34.3410,126.7520,12850,완도군,장보고 청해진 본영 장도.,"Jangdo island, headquarters of Jang Bogo's Cheonghaejin."
청주,초정리,1,초정약수,Chojeong Mineral Spring,heal,36.7180,127.6050,43114,청주시청원구,세종대왕이 머문 탄산 약수.,Carbonated mineral spring where King Sejong once stayed.
평창,2018평창동계올림픽기념관,1,평창동계올림픽기념관,PyeongChang Olympic Memorial,activity,37.3760,128.3900,51760,평창군,올림픽 개폐회식장 터의 기념관.,Memorial hall on the site of the Olympic ceremonies stadium.
합천,영상테마파크 등,1,합천영상테마파크,Hapcheon Image Theme Park,activity,35.5530,128.0650,48890,합천군,근현대 거리 세트 촬영지.,Film set of early modern streets.
홍성,김좌진·한용운 생가,1,김좌진 장군 생가지,Kim Jwa-jin Birthplace,herit,36.5820,126.5660,44800,홍성군,청산리 전투 김좌진 장군의 생가.,Birthplace of General Kim Jwa-jin of the Cheongsanri battle.
진도,울돌목 물살체험장,2,울돌목(진도대교),Uldolmok Strait,sea,34.5705,126.3070,12860,진도군,명량해전의 급류 울돌목과 스카이워크.,Rapids of the Myeongnyang battle and a skywalk beside Jindo Bridge.
