region,stopName,tours,ko,en,cat,lat,lng,signgu,muni,desc,descEn,nearOk,source,coord
전주,,1,전라감영,Jeollagamyeong (Jeolla Provincial Office),herit,35.81520,127.14280,52111,전주시완산구,"조선시대 전라도와 제주를 관할하던 관청 터로, 2020년 1단계 복원을 마치고 무료로 개방하는 사적지다.","Site of the Joseon-era office that governed Jeolla and Jeju, partly restored and opened free to the public in 2020.",1,전주 관광지,주소 기준 좌표 · 대략 위치
전주,,1,어진박물관,Royal Portrait Museum,herit,35.81600,127.14970,52111,전주시완산구,경기전 안에 있는 박물관으로 태조 어진과 세종·영조·정조 등 여섯 임금의 어진을 전시한다.,Museum inside Gyeonggijeon displaying the portrait of King Taejo and six other royal portraits.,1,전주 관광지,주소 기준 좌표 · 대략 위치
전주,,1,완판본문화관,Wanpanbon Culture Center,herit,35.81210,127.15600,52111,전주시완산구,전주에서 간행된 완판본 등 출판 유산을 보존·전시하기 위해 2011년 문을 연 전시관이다.,Museum opened in 2011 to preserve and exhibit Jeonju's woodblock publishing heritage (Wanpanbon).,1,전주 관광지,주소 기준 좌표 · 대략 위치
전주,,1,전주소리문화관,Jeonju Sori Culture Center,herit,35.81750,127.15320,52111,전주시완산구,한옥마을 안에서 판소리 등 전통 소리를 소개하고 체험 프로그램을 운영하는 문화관이다.,"Hanok Village venue introducing pansori and traditional Korean vocal music, with hands-on programs.",1,전주 관광지,주소 기준 좌표 · 대략 위치
전주,,1,전주부채문화관,Jeonju Fan Culture Center,herit,35.81680,127.15170,52111,전주시완산구,전주 부채의 역사와 문화를 소개하는 전시관으로 부채 유물 전시와 부채 그리기 체험을 운영한다.,Museum on the history of Jeonju fans with artifact displays and fan-painting workshops.,1,전주 관광지,주소 기준 좌표 · 대략 위치
전주,,1,국립무형유산원,National Intangible Heritage Center,herit,35.80980,127.15750,52111,전주시완산구,국가무형유산의 전시·공연·교육을 담당하는 국가기관으로 상설전시실과 공연장을 갖추고 있다.,"National institution for intangible cultural heritage with permanent exhibitions, performances and education programs.",1,전주 관광지,주소 기준 좌표 · 대략 위치
전주,,1,연화정도서관,Yeonhwajeong Library,herit,35.84660,127.12250,52113,전주시덕진구,덕진공원 연못 위 한옥 누각에 조성된 도서관으로 연꽃 풍경 속에서 책을 읽을 수 있다.,Library in a hanok pavilion over Deokjin Park's lotus pond.,1,전주 관광지,주소 기준 좌표 · 대략 위치
전주,,1,남천교·청연루,Namcheongyo Bridge & Cheongyeonru Pavilion,herit,35.81040,127.15050,52111,전주시완산구,"한옥마을과 서학동 사이 전주천 위의 무지개 모양 다리로, 다리 위에 누각 청연루가 서 있다.","Arched bridge over Jeonjucheon between Hanok Village and Seohak-dong, topped by the Cheongyeonru pavilion.",1,전주 관광지,주소 기준 좌표 · 대략 위치
전주,,1,서학동예술마을,Seohak-dong Art Village,herit,35.80850,127.14900,52111,전주시완산구,"남천교 건너 서학동 골목에 화가·작가 등 예술인들의 작업실과 갤러리, 책방이 모여 있는 마을이다.","Neighborhood across Namcheongyo where artists run studios, galleries and bookshops in old houses.",1,전주 관광지,주소 기준 좌표 · 대략 위치
전주,,1,객리단길,Gaengnidan-gil,activity,35.81920,127.14320,52111,전주시완산구,"전주객사 주변 원도심 골목에 카페와 맛집, 소품숍이 모여 형성된 거리다.","Old-downtown streets around Jeonju Gaeksa lined with cafes, restaurants and shops.",1,전주 관광지,주소 기준 좌표 · 대략 위치
전주,,1,전주 영화의거리,Jeonju Film Street,activity,35.82070,127.14280,52111,전주시완산구,전주국제영화제가 열리는 원도심 거리로 극장과 전주디지털독립영화관이 모여 있다.,"Downtown street that hosts the Jeonju International Film Festival, with cinemas and the Jeonju Digital Independent Cinema.",1,전주 관광지,주소 기준 좌표 · 대략 위치
전주,,1,전주천,Jeonjucheon Stream,heal,35.81350,127.14400,52111,전주시완산구,전주 도심을 가로지르는 하천으로 한옥마을과 이어지는 산책로가 조성되어 있다.,Stream running through central Jeonju with walking paths linked to the Hanok Village.,1,전주 관광지,주소 기준 좌표 · 대략 위치
전주,,1,기린봉,Girinbong Peak,heal,35.82030,127.16900,52113,전주시덕진구,해발 307m로 전주에서 가장 높은 산이며 정상에서 전주 시내를 한눈에 조망할 수 있다.,"At 307 m the highest peak in Jeonju, with views over the whole city from the top.",1,전주 관광지,주소 기준 좌표 · 대략 위치
전주,,1,기지제 수변공원,Gijije Lakeside Park,heal,35.84000,127.06500,52111,전주시완산구,혁신도시의 저수지 기지제를 따라 수상 데크 산책로가 조성된 상시 개방 수변공원이다.,"Always-open lakeside park at Gijije reservoir in the Innovation City, with floating-deck walking trails.",1,전주 관광지,주소 기준 좌표 · 대략 위치
전주,,1,삼천동 막걸리골목,Samcheon-dong Makgeolli Alley,activity,35.79950,127.11750,52111,전주시완산구,막걸리 한 주전자에 제철 안주가 푸짐하게 나오는 막걸리집 20여 곳이 모인 골목이다.,Alley of about 20 makgeolli houses where each kettle of rice wine comes with a spread of side dishes.,1,전주 관광지,주소 기준 좌표 · 대략 위치
전주,,1,강암서예관,Gangam Calligraphy Museum,herit,35.81100,127.15250,52111,전주시완산구,서예가 강암 송성용이 기증한 작품과 수집품 등 서화 1천여 점을 전시하는 무료 서예 전시관이다.,"Free calligraphy museum showing over 1,000 works donated and collected by calligrapher Song Seong-yong (Gangam).",1,전주 관광지,주소 기준 좌표 · 대략 위치
전주,,1,동학혁명기념관,Donghak Revolution Memorial Hall,herit,35.81550,127.15350,52111,전주시완산구,한옥마을 안에서 1894년 동학농민혁명의 역사와 사상을 소개하는 무료 전시관이다.,Free exhibition hall in the Hanok Village on the history and ideas of the 1894 Donghak Peasant Revolution.,1,전주 관광지,주소 기준 좌표 · 대략 위치
전주,,1,전주공예품전시관,Jeonju Crafts Exhibition Hall,herit,35.81739,127.15101,52111,전주시완산구,전통·현대 공예품을 전시·판매하고 공예 체험을 운영하는 한옥마을 내 복합 공간이다.,"Hanok Village hall exhibiting and selling traditional and modern crafts, with craft workshops.",1,전주 관광지,관광공사 좌표
전주,,1,전주전통술박물관,Jeonju Traditional Liquor Museum,herit,35.81704,127.15355,52111,전주시완산구,한국 전통주의 역사와 빚는 법을 전시하는 무료 공립 박물관이다.,Free public museum on the history and brewing of Korean traditional liquor.,1,전주 관광지,관광공사 좌표
전주,,1,전주전통한지원,Jeonju Traditional Hanji Center,activity,35.81588,127.15353,52111,전주시완산구,한지 전시장과 판매장을 갖추고 한지 공예·한지 뜨기 체험을 운영하는 곳이다.,Hanji showroom and shop offering hanji crafts and papermaking experiences.,1,전주 관광지,관광공사 좌표
전주,,1,남고산성,Namgosanseong Fortress,herit,35.79850,127.15250,52111,전주시완산구,고덕산 자락의 둘레 약 3km 산성(사적)으로 산성 안에 관성묘와 남고사가 있다.,"Historic hill fortress about 3 km around on Godeoksan, containing Gwanseongmyo shrine and Namgosa temple.",1,전주 관광지,주소 기준 좌표 · 대략 위치
전주,,1,한벽당,Hanbyeokdang Pavilion,herit,35.81188,127.16084,52111,전주시완산구,전주천 절벽 위에 세워진 조선시대 누각으로 전주팔경 '한벽청연'의 무대다.,"Joseon-era pavilion on a cliff above Jeonjucheon, the setting of one of Jeonju's Eight Views.",1,전주 관광지,관광공사 좌표
전주,,1,전주한옥레일바이크,Jeonju Hanok Railbike,activity,35.82953,127.17613,52113,전주시덕진구,옛 아중역 일대 폐선 철길 약 3.4km 왕복 구간을 달리는 레일바이크다.,Rail bike ride on a 3.4 km round-trip disused rail line near former Ajung Station.,1,전주 관광지,관광공사 좌표
전주,,1,오송제 편백숲,Osongje Reservoir & Geonjisan Cypress Forest,heal,35.86300,127.13900,52113,전주시덕진구,건지산 자락 오송제 저수지 둘레와 편백나무 숲을 걷는 약 2km 생태 산책길이다.,About 2 km eco-trail around Osongje reservoir and the cypress forest of Geonjisan.,1,전주 관광지,주소 기준 좌표 · 대략 위치
전주,,1,다가여행자도서관,Daga Traveler's Library,herit,35.81550,127.14100,52111,전주시완산구,옛 치안센터를 고쳐 2022년 문을 연 여행 전문 도서관이다.,Travel-themed library opened in 2022 in a remodelled former police box near Jeollagamyeong.,1,전주 관광지,주소 기준 좌표 · 대략 위치
전주,,1,이비스 스타일 앰배서더 전주 시티센터,Ibis Styles Ambassador Jeonju City Centre,stay,35.81980,127.14180,52111,전주시완산구,"2024년 1월 전주 영화의거리 인근에 개관한 지하 1층·지상 15층, 81실 규모의 3성급 호텔이다.","A 3-star, 81-room hotel (15 floors) that opened in January 2024 near Jeonju's Film Street.",1,전주 숙소,주소 기준 좌표 · 대략 위치
전주,,1,전주 관광호텔 꽃심,Hotel Kkotsim Jeonju,stay,35.81700,127.14470,52111,전주시완산구,"전주객사 인근 팔달로에 있는 98실 규모의 관광호텔로 루프탑, 브런치 카페, 중식당 등을 갖추고 있다.","A 98-room tourist hotel on Paldal-ro near Jeonju Gaeksa with a rooftop, brunch cafe and Chinese restaurant.",1,전주 숙소,주소 기준 좌표 · 대략 위치
전주,,1,전주 시그니처 호텔,Jeonju Signature Hotel,stay,35.84870,127.16000,52113,전주시덕진구,전주역에서 도보 1~2분 거리 백제대로에 있는 비즈니스·관광 호텔이다.,"A business and tourist hotel on Baekje-daero, a one- to two-minute walk from Jeonju Station.",1,전주 숙소,주소 기준 좌표 · 대략 위치
전주,,1,전주 목화호텔,Mokhwa Hotel Jeonju,stay,35.82820,127.14250,52113,전주시덕진구,"1930년대 경성 감성을 재해석한 레트로 콘셉트의 숙소로 1층은 카페, 2~3층은 앤티크 가구로 꾸민 객실이다.","A retro-concept stay evoking 1930s Gyeongseong, with a cafe on the ground floor and antique-furnished rooms upstairs.",1,전주 숙소,주소 기준 좌표 · 대략 위치
전주,,1,그랜드힐스턴호텔,Grand Hillstone Hotel Jeonju,stay,35.83350,127.10400,52111,전주시완산구,서곡지구(효자동3가)에 있는 100실 규모의 3성급 호텔로 연회장과 스카이라운지를 갖추고 있다.,"A 3-star, 100-room hotel in the Seogok district (Hyoja-dong) with banquet halls and a sky lounge.",1,전주 숙소,주소 기준 좌표 · 대략 위치
전주,,1,전주한옥호텔 태조궁,Jeonju Hanok Hotel Taejogung,stay,35.81520,127.14300,52111,전주시완산구,태조 이성계를 기리는 콘셉트로 목재·한지·황토 등을 사용해 지은 한옥 호텔로 한옥마을과 도보 5분 거리다.,"A hanok hotel themed on King Taejo, built with wood, hanji and loess, about a 5-minute walk from the Hanok Village.",1,전주 숙소,주소 기준 좌표 · 대략 위치
전주,,1,왕의지밀,Royal Room of King (Wangui Jimil),stay,35.79600,127.16900,52111,전주시완산구,"전주천변 약 6,000평 부지에 조선 왕의 이름을 딴 11개 동, 64개 한옥 객실을 갖춘 한옥호텔이다.",A hanok hotel by the Jeonjucheon stream with 64 rooms in 11 buildings named after Joseon kings on a large riverside site.,1,전주 숙소,주소 기준 좌표 · 대략 위치
전주,,1,학인당,Hakindang,stay,35.81250,127.15220,52111,전주시완산구,"전주한옥마을에서 가장 오래된 고택 문화재인 인재고택으로, 한국관광 품질인증을 받은 한옥 숙소다.","The Injae head house, the oldest heritage hanok in Jeonju Hanok Village, operating as a Korea Quality-certified hanok stay.",1,전주 숙소,주소 기준 좌표 · 대략 위치
전주,,1,문화공간 양사재,Yangsajae,stay,35.81480,127.15380,52111,전주시완산구,조선시대 향교에 딸린 유생들의 공부방이었던 건물을 활용한 한옥 숙소로 한국관광 품질인증을 받았다.,A Korea Quality-certified hanok stay in a former study hall attached to the Confucian school (hyanggyo).,1,전주 숙소,주소 기준 좌표 · 대략 위치
전주,,1,동락원,Dongnakwon,stay,35.81550,127.15230,52111,전주시완산구,600년 된 은행나무 옆 옛 은행 관사를 기전대학이 고쳐 운영하는 한옥 체험 숙소다.,"A hanok stay next to the 600-year-old ginkgo tree, a former bank official residence renovated and run by Kijeon College.",1,전주 숙소,주소 기준 좌표 · 대략 위치
전주,,1,부용헌,Buyongheon,stay,35.81228,127.15776,52111,전주시완산구,전주향교와 담장을 사이에 둔 한옥 숙소로 한국관광공사 KOREA STAY 인증을 받았다.,"A hanok stay sharing a wall with Jeonju Hyanggyo, certified under the KTO's KOREA STAY program.",1,전주 숙소,관광공사 좌표
전주,,1,다나하루 게스트하우스,Danaharu Guesthouse,stay,35.81179,127.15026,52111,전주시완산구,전주한옥마을 향교길 초입에 있는 한옥 게스트하우스다.,A hanok guesthouse at the start of Hyanggyo-gil in Jeonju Hanok Village.,1,전주 숙소,관광공사 좌표
전주,,1,부경당,Bugyeongdang,stay,35.81580,127.15280,52111,전주시완산구,옛 방식의 툇마루·돌담·장독대를 살린 70년 된 한옥 숙소로 한국관광공사 품질인증을 받았다.,"A 70-year-old hanok stay keeping its traditional veranda, stone walls and jar terrace, Korea Quality-certified.",1,전주 숙소,주소 기준 좌표 · 대략 위치
전주,,1,마당예쁜집,Madang Yeppeun Jip,stay,35.81280,127.15420,52111,전주시완산구,1920년에 지어진 100평이 넘는 ㄷ자형 한옥으로 가운데 정원이 있으며 오목대가 가까운 한옥 숙소다.,"A U-shaped hanok built in 1920 with a central garden, a short walk from Omokdae.",1,전주 숙소,주소 기준 좌표 · 대략 위치
전주,,1,전주한옥숙박 사랑루,Sarangru Hanok Stay,stay,35.81080,127.15100,52111,전주시완산구,전통 한옥 건축 방식으로 지은 전주한옥마을 남쪽 전주천변의 한옥 숙소다.,A hanok stay built with traditional methods on the Jeonjucheon side of the Hanok Village.,1,전주 숙소,주소 기준 좌표 · 대략 위치
전주,,1,연우당,Yeonwoodang Hanok Stay,stay,35.81480,127.15080,52111,전주시완산구,경기전 옆 공예 골목에 있는 한옥스테이로 매일 아침 간단한 조식을 제공한다.,"A hanok stay in a quiet craft alley next to Gyeonggijeon, serving a light breakfast each morning.",1,전주 숙소,주소 기준 좌표 · 대략 위치
전주,,1,전주 어사화 한옥스테이,Eosahwa Hanok Stay,stay,35.81610,127.15310,52111,전주시완산구,원래 한옥의 모습을 살려 전통 자재로 지은 전주한옥마을 중심부의 한옥 숙소다.,"A hanok stay in the heart of the Hanok Village, rebuilt with traditional materials while keeping its original form.",1,전주 숙소,주소 기준 좌표 · 대략 위치
전주,,1,고현당,Gohyeondang,stay,35.81640,127.15340,52111,전주시완산구,80년 역사의 한옥 고택을 천연 목재·황토·한지로 꾸민 전주한옥마을 중심부의 한옥 숙소다.,"An 80-year-old hanok in the center of the Hanok Village, finished with natural wood, loess and hanji.",1,전주 숙소,주소 기준 좌표 · 대략 위치
전주,,1,전주한옥마을 더정가 스테이,The Jeongga Stay,stay,35.81750,127.15400,52111,전주시완산구,"1층 카페, 2~4층 객실로 이루어진 숙소로 4층 루프탑에서 한옥마을 전경을 볼 수 있다.","A stay with a ground-floor cafe and rooms on floors 2-4, whose 4th-floor rooftop overlooks the Hanok Village.",1,전주 숙소,주소 기준 좌표 · 대략 위치
전주,,1,가족회관,Gajok Hoegwan,food,35.81484,127.14544,52111,전주시완산구,"1970년대부터 3대째 이어온 전주비빔밥 전문점으로, 사골 육수로 지은 밥에 10여 가지 나물을 올린 비빔밥이 대표 메뉴다.","A Jeonju bibimbap specialist run by three generations since the 1970s, known for bibimbap made with rice cooked in bone broth and over ten kinds of seasoned vegetables.",1,전주 로컬 상권,주소 기준 좌표 · 대략 위치
전주,,1,하숙영가마솥비빔밥,Hasukyeong Gamasot Bibimbap,food,35.81510,127.14500,52111,전주시완산구,전라감영 인근에서 가마솥으로 지은 밥으로 비빔밥과 육회비빔밥을 내는 비빔밥 전문점이다.,A bibimbap restaurant near Jeollagamyeong serving bibimbap and yukhoe bibimbap with rice cooked in a traditional iron cauldron.,1,전주 로컬 상권,주소 기준 좌표 · 대략 위치
전주,,1,한국관 본점,Hanguk-gwan (Main Branch),food,35.83700,127.13500,52113,전주시덕진구,"1971년부터 대를 이어 운영하는 비빔밥 전문점으로, 놋그릇비빔밥·돌그릇비빔밥·육회비빔밥과 황포묵이 알려져 있다.","A bibimbap specialist run by the same family since 1971, known for brass-bowl, stone-bowl and yukhoe bibimbap and hwangpomuk jelly.",1,전주 로컬 상권,주소 기준 좌표 · 대략 위치
전주,,1,백송회관,Baeksong Hoegwan,food,35.82280,127.14680,52111,전주시완산구,전주비빔밥을 대표 메뉴로 솥밥과 10여 가지 기본 찬을 내는 한식당이다.,"A Korean restaurant whose signature is Jeonju bibimbap, served with freshly cooked pot rice and about ten side dishes.",1,전주 로컬 상권,주소 기준 좌표 · 대략 위치
전주,,1,조점례남문피순대,Jojeomrye Nammun Pisundae,food,35.81280,127.14620,52111,전주시완산구,남부시장에 있는 피순대 전문점으로 피순대와 순대국밥으로 알려져 있다.,"A blood-sausage (pisundae) specialist at Nambu Market, known for pisundae and sundae gukbap.",1,전주 로컬 상권,주소 기준 좌표 · 대략 위치
전주,,1,베테랑칼국수,Veteran Kalguksu,food,35.81400,127.15120,52111,전주시완산구,"1977년 문을 연 한옥마을의 칼국수집으로, 들깨·고춧가루·김가루를 올린 걸쭉한 국물의 칼국수가 대표 메뉴다.","A kalguksu noodle shop in Jeonju Hanok Village open since 1977, known for thin noodles in a thick broth topped with perilla powder, chili flakes and seaweed.",1,전주 로컬 상권,주소 기준 좌표 · 대략 위치
전주,,1,노벨반점,Nobel Banjeom,food,35.81200,127.14520,52111,전주시완산구,남부시장 인근의 중식당으로 전주·군산 일대의 향토 음식인 물짜장을 판다.,"A Chinese restaurant near Nambu Market serving muljjajang, a spicy starch-thickened noodle dish local to the Jeonju and Gunsan area.",1,전주 로컬 상권,주소 기준 좌표 · 대략 위치
전주,,1,진미반점,Jinmi Banjeom,food,35.81720,127.14250,52111,전주시완산구,전라감영 인근의 중식당으로 물짜장이 대표 메뉴이며 1969년부터 영업한 것으로 알려져 있다.,"A Chinese restaurant near Jeollagamyeong whose signature is muljjajang, reportedly in business since 1969.",1,전주 로컬 상권,주소 기준 좌표 · 대략 위치
전주,,1,전일갑오,Jeonil Gapo,food,35.81800,127.15050,52111,전주시완산구,1974년부터 영업한 전주의 대표 가맥집으로 연탄불에 구운 황태포와 병맥주로 알려져 있다.,"A classic Jeonju gamaek (shop-front beer bar) open since 1974, known for briquette-grilled dried pollack with bottled beer.",1,전주 로컬 상권,주소 기준 좌표 · 대략 위치
전주,,1,용진집,Yongjinjip,food,35.79750,127.12150,52111,전주시완산구,"삼천동 막걸리골목의 막걸리집으로, 막걸리를 주문하면 푸짐한 안주 한상이 나오는 곳으로 알려져 있다.","A makgeolli house on Samcheon-dong Makgeolli Alley, known for the generous spread of side dishes served with each kettle of makgeolli.",1,전주 로컬 상권,주소 기준 좌표 · 대략 위치
전주,,1,옛촌막걸리 삼천점,Yetchon Makgeolli (Samcheon),food,35.79780,127.12220,52111,전주시완산구,삼천동 막걸리골목의 막걸리집으로 맑은 막걸리와 한상차림 안주로 알려져 있다.,A makgeolli house on Samcheon-dong Makgeolli Alley known for clear makgeolli served with a full table of side dishes.,1,전주 로컬 상권,주소 기준 좌표 · 대략 위치
전주,,1,백번집,Baekbeonjip,food,35.81650,127.14320,52111,전주시완산구,전주에서 오래된 한정식집으로 한 상 가득 차린 한정식과 굴비·갈치 정식을 낸다.,"One of Jeonju's oldest hanjeongsik restaurants, serving full-table Korean set meals and grilled croaker or hairtail sets.",1,전주 로컬 상권,주소 기준 좌표 · 대략 위치
전주,,1,다문,Damun,food,35.81500,127.15400,52111,전주시완산구,1937년에 지은 한옥에서 굴비·홍어·간장게장 등이 오르는 한정식을 내는 한옥마을의 한식당이다.,"A hanjeongsik restaurant in Jeonju Hanok Village set in a 1937 hanok, serving set meals with grilled croaker, skate and soy-marinated crab.",1,전주 로컬 상권,주소 기준 좌표 · 대략 위치
전주,,1,궁,Goong,food,35.81250,127.09150,52111,전주시완산구,전주대학교 인근 효자동의 전통 한정식집이다.,A traditional hanjeongsik (Korean course meal) restaurant in Hyoja-dong near Jeonju University.,1,전주 로컬 상권,주소 기준 좌표 · 대략 위치
전주,,1,교동떡갈비,Gyodong Tteokgalbi,food,35.81660,127.15120,52111,전주시완산구,한옥마을의 떡갈비 전문점으로 국내산 한돈으로 만든 떡갈비를 낸다.,A tteokgalbi (grilled minced-rib patty) restaurant in Jeonju Hanok Village using 100% Korean pork.,1,전주 로컬 상권,주소 기준 좌표 · 대략 위치
전주,,1,남노갈비 본점,Namno Galbi (Main Branch),food,35.81750,127.15550,52111,전주시완산구,1972년부터 물갈비 한 가지 메뉴만 팔아온 전주식 물갈비 노포다.,"A long-running restaurant that has served only one dish, Jeonju-style mulgalbi (braised ribs in broth), since 1972.",1,전주 로컬 상권,주소 기준 좌표 · 대략 위치
전주,,1,한벽집,Hanbyeokjip,food,35.81170,127.15960,52111,전주시완산구,한벽당 옆 전주천변의 오모가리탕 집으로 시래기와 메기·쏘가리 등을 넣고 끓인 민물매운탕을 낸다.,"A riverside restaurant beside Hanbyeokdang serving omogari-tang, spicy freshwater fish stew with catfish or mandarin fish and dried radish greens.",1,전주 로컬 상권,주소 기준 좌표 · 대략 위치
전주,,1,진미집 본점,Jinmijip (Main),food,35.82400,127.15200,52111,전주시완산구,노송동에서 연탄불에 구운 돼지불고기를 김밥과 함께 내는 저녁 영업 식당이다.,An evening restaurant in Nosong-dong known for briquette-grilled pork bulgogi eaten with gimbap.,1,전주 로컬 상권,주소 기준 좌표 · 대략 위치
전주,,1,오선모옛날김밥,Oseonmo Old-style Gimbap,food,35.79880,127.12050,52111,전주시완산구,삼천동의 김밥집으로 당근을 듬뿍 넣은 옛날김밥으로 알려져 있다.,A gimbap shop in Samcheon-dong known for old-style gimbap packed with carrots.,1,전주 로컬 상권,주소 기준 좌표 · 대략 위치
전주,,1,길거리야 본점,Gilgeoriya (Main),food,35.81440,127.15080,52111,전주시완산구,한옥마을의 길거리 음식점으로 매콤한 양념고기를 넣은 바게트버거로 알려져 있다.,A Hanok Village street-food shop known for its baguette burger filled with spicy seasoned meat.,1,전주 로컬 상권,주소 기준 좌표 · 대략 위치
전주,,1,교동다원,Gyodong Dawon,food,35.81550,127.15300,52111,전주시완산구,한옥마을 안의 한옥 찻집으로 직접 기른 찻잎으로 우린 황차를 낸다.,A hanok teahouse in Jeonju Hanok Village serving hwangcha brewed from home-grown tea leaves.,1,전주 로컬 상권,주소 기준 좌표 · 대략 위치
전주,,1,외할머니솜씨,Oehalmeoni Somssi,food,35.81500,127.15520,52111,전주시완산구,한옥마을의 전통 디저트 카페로 흑임자 팥빙수와 전통차가 대표 메뉴다.,A traditional dessert cafe in Jeonju Hanok Village known for black-sesame red-bean bingsu and traditional teas.,1,전주 로컬 상권,주소 기준 좌표 · 대략 위치
전주,,1,소부당 한옥마을점,Sobudang (Hanok Village),food,35.81530,127.15580,52111,전주시완산구,전북산 찹쌀과 가마솥 팥앙금으로 만든 생크림떡 등을 파는 떡·디저트 가게다.,A rice-cake and dessert shop selling cream-filled chapssal tteok made with Jeonbuk glutinous rice and cauldron-cooked red bean paste.,1,전주 로컬 상권,주소 기준 좌표 · 대략 위치
전주,,1,라스트쿠프,Last Coupe,food,35.81600,127.14180,52111,전주시완산구,객리단길 인근 중앙동의 베이커리 카페로 깜빠뉴·치아바타 등 식사빵으로 알려져 있다.,"A bakery cafe in Jungang-dong near Gaekridan-gil known for campagne, ciabatta and other bread.",1,전주 로컬 상권,주소 기준 좌표 · 대략 위치
전주,,1,명진당,Myeongjindang,food,35.79600,127.14050,52111,전주시완산구,제과명장 김명진이 운영하는 평화동의 대형 베이커리 카페다.,A large bakery cafe in Pyeonghwa-dong run by master baker Kim Myeong-jin.,1,전주 로컬 상권,주소 기준 좌표 · 대략 위치
