no,edition,sido,sigungu,name,status,placeIds,note,source
1,2025~2026,서울특별시,종로구 등,5대 고궁(경복궁·창덕궁·창경궁·덕수궁·종묘),confirmed,kd10 kdx1 kdx46 kdx13 kdx14,,https://www.wikitree.co.kr/articles/1022222
2,2025~2026,서울특별시,여러 구(한강변),한강공원(라면 먹기),confirmed,kdx24 ro19 ro148 ro208 ro371 ro439 ro440 ro513 ro514 kd11,,https://www.wikitree.co.kr/articles/1022222
3,2025~2026,서울특별시,성동구,성수동 거리&서울숲(성수 반짝매장),confirmed,kdx8 kdx26,,https://www.wikitree.co.kr/articles/1022222
4,2025~2026,서울특별시,마포구,홍대 레드로드(홍대문화예술관광특구),confirmed,kdx22,,https://www.wikitree.co.kr/articles/1022222
5,2025~2026,서울특별시,용산구,국립중앙박물관,confirmed,kdx6,,https://www.wikitree.co.kr/articles/1022222
6,2025~2026,서울특별시,용산구,N서울타워,confirmed,kd4,,https://www.wikitree.co.kr/articles/1022222
7,2025~2026,서울특별시,송파구,서울스카이&롯데월드&석촌호수,confirmed,kd5 kdx11 kdx29,,https://www.wikitree.co.kr/articles/1022222
8,2025~2026,서울특별시,종로구,광화문광장&청계광장,confirmed,kdx2 kdx18,,https://www.wikitree.co.kr/articles/1022222
9,2025~2026,서울특별시,종로구,청와대 앞길&서촌마을,confirmed,nax702 kdx37,,https://www.wikitree.co.kr/articles/1022222
10,2025~2026,인천광역시,중구,개항장 문화지구&차이나타운&송월동 동화마을,confirmed,nax168 nax165 nax166,,https://www.incheonnews.com/news/articleView.html?idxno=423261
11,2025~2026,인천광역시,강화군,교동도,confirmed,nax716,,https://www.kihoilbo.co.kr/news/articleView.html?idxno=1129416
12,2025~2026,인천광역시,연수구,송도 센트럴파크,confirmed,nax170,,https://www.wikitree.co.kr/articles/1025675
13,2025~2026,경기도,수원시,수원화성,confirmed,na1 nax23,,https://www.sctoday.co.kr/news/articleView.html?idxno=44470
14,2025~2026,경기도,용인시,에버랜드&한국민속촌,confirmed,nax288 nax287,,https://www.newstravel.co.kr/news/article.html?no=26552
15,2025~2026,경기도,과천시,서울대공원(서울랜드)&국립현대미술관 과천&국립과천과학관,confirmed,nax704 nax705 ctmcf709ca2,,query: 과천 서울대공원 국립과천과학관 2025-2026 한국관광 100선 선정 (sctoday 44470)
16,2025~2026,경기도,광명시,광명동굴,confirmed,ctmc7fa40d9,,https://www.newsis.com/view/NISX20250120_0003038943
17,2025~2026,경기도,파주시,임진각&파주 DMZ,confirmed,nax601 ctt192,,https://www.ilyosisa.co.kr/news/article.html?no=247841
18,2025~2026,경기도,파주시,헤이리 예술마을,confirmed,nax602,,https://www.heyri.net/news/?bmode=view&idx=144112214
19,2025~2026,경기도,양평군,두물머리,confirmed,nax318,,query: 경기 10곳 한국관광 100선 2025 (kwnews/mstoday 2025 Gyeonggi 10; 7회 연속)
20,2025~2026,경기도,가평군,자라섬,confirmed,nax330,,https://www.g-enews.com/article/General-News/2025/01/20250120150618210801e71a555b_1
21,2025~2026,경기도,가평군,아침고요수목원,confirmed,nax328,,"query: ""아침고요수목원"" ""2025-2026 한국관광 100선"" (4회 연속 선정 기사)"
22,2025~2026,경기도,광주시,남한산성,uncertain,nax422,,query: 남한산성 2025-2026 한국관광 100선 광주시 선정 (search summary only; no explicit article found)
23,2025~2026,강원특별자치도,춘천시,남이섬,confirmed,nax230,,https://www.kwnews.co.kr/page/view/2025012017012183463
24,2025~2026,강원특별자치도,원주시,뮤지엄산&간현관광지(소금산 그랜드밸리),confirmed,nax517 nax516,,http://www.iwjnews.com/news/articleView.html?idxno=63063
25,2025~2026,강원특별자치도,강릉시,정동심곡 바다부채길,confirmed,nax739,,https://www.mstoday.co.kr/news/articleView.html?idxno=96314
26,2025~2026,강원특별자치도,동해시,무릉계곡&무릉별유천지,confirmed,nax9 nax890,,https://www.dongbangilbo.co.kr/news/articleView.html?idxno=45157
27,2025~2026,강원특별자치도,동해시,도째비골 스카이밸리&해랑전망대,confirmed,nax12 ro169,,https://www.dongbangilbo.co.kr/news/articleView.html?idxno=45157
28,2025~2026,강원특별자치도,속초시,속초관광수산시장,confirmed,nax141,,https://www.mstoday.co.kr/news/articleView.html?idxno=96314
29,2025~2026,강원특별자치도,속초시,설악산국립공원,confirmed,nax145,,https://www.mstoday.co.kr/news/articleView.html?idxno=96314
30,2025~2026,강원특별자치도,평창군,대관령,confirmed,nax522 nax746,,https://www.mstoday.co.kr/news/articleView.html?idxno=96314
31,2025~2026,강원특별자치도,평창군,발왕산 천년주목숲길,confirmed,nax524,,https://www.mstoday.co.kr/news/articleView.html?idxno=96314
32,2025~2026,강원특별자치도,철원군,한탄강 주상절리길,confirmed,nax1254,,https://www.mstoday.co.kr/news/articleView.html?idxno=96314
33,2025~2026,강원특별자치도,인제군,원대리 자작나무숲,confirmed,nax629,,https://www.mstoday.co.kr/news/articleView.html?idxno=96314
34,2025~2026,대전광역시,서구,장태산자연휴양림,confirmed,nax830,,https://www.inews24.com/view/1806241
35,2025~2026,세종특별자치시,세종시,국립세종수목원,confirmed,nax690,,https://news.mt.co.kr/mtview.php?no=2025020312500923726
36,2025~2026,충청북도,청주시,청남대,confirmed,nax638,,https://www.ccdn.co.kr/news/articleView.html?idxno=1011571
37,2025~2026,충청북도,보은군,속리산 법주사&속리산 테마파크,confirmed,nax404 ctm42be76e3,,https://www.boeunpeople.com/news/articleView.html?idxno=69769
38,2025~2026,충청북도,단양군,도담삼봉,confirmed,nax645,,https://www.joongdo.co.kr/web/view.php?key=20250202010000056
39,2025~2026,충청북도,단양군,만천하스카이워크&단양강 잔도,confirmed,nax646 ro581,,https://www.joongdo.co.kr/web/view.php?key=20250202010000056
40,2025~2026,충청북도,제천시,청풍호(청풍호반케이블카),confirmed,nax641,,https://www.wikitree.co.kr/articles/1021262
41,2025~2026,충청남도,천안시,독립기념관,confirmed,nax267,,https://www.ajunews.com/view/20250121093034481
42,2025~2026,충청남도,공주시,공주 백제유적지(공산성·무령왕릉과 왕릉원),confirmed,nax272 nax273,,https://www.ajunews.com/view/20250121093034481
43,2025~2026,충청남도,보령시,대천해수욕장,confirmed,nax649,,https://www.ajunews.com/view/20250121093034481
44,2025~2026,충청남도,아산시,현충사,confirmed,nax654,,https://www.ajunews.com/view/20250121093034481
45,2025~2026,충청남도,서산시,해미읍성,confirmed,nax905,,https://www.ajunews.com/view/20250121093034481
46,2025~2026,충청남도,부여군,부여 백제유적지(부소산성·궁남지),confirmed,nax277 nax279,,https://www.ajunews.com/view/20250121093034481
47,2025~2026,충청남도,예산군,예당관광지(예당호 출렁다리·음악분수·모노레일),confirmed,nax1311 nax911,,https://www.ajunews.com/view/20250121093034481
48,2025~2026,충청남도,태안군,꽃지해수욕장,confirmed,nax313,,https://www.ajunews.com/view/20250121093034481
49,2025~2026,광주광역시,동구,국립아시아문화전당,confirmed,nax261,,query: 광주 2025-2026 한국관광 100선 선정 (tour.gwangju.go.kr B0048 articleId=7078)
50,2025~2026,광주광역시,북구 등,무등산국립공원,confirmed,nax264,,https://tour.gwangju.go.kr/home/board/B0048.cs?act=read&articleId=7078
51,2025~2026,전북특별자치도,전주시,전주 한옥마을,confirmed,nax109,,https://www.jjan.kr/article/20250120580197
52,2025~2026,전북특별자치도,정읍시,내장산국립공원,confirmed,nax417,,https://www.jjan.kr/article/20250120580197
53,2025~2026,전북특별자치도,남원시,남원관광단지,confirmed,nax243 nax242,,https://www.jjan.kr/article/20250120580197
54,2025~2026,전북특별자치도,완주군,오성한옥마을,confirmed,nax1521,,https://www.jjan.kr/article/20250120580197
55,2025~2026,전북특별자치도,진안군,마이산도립공원,confirmed,nax1318,,https://www.jjan.kr/article/20250120580197
56,2025~2026,전북특별자치도,무주군,반디랜드&태권도원,confirmed,nax664 nax663,,https://www.jjan.kr/article/20250120580197
57,2025~2026,전북특별자치도,순창군,강천산군립공원,confirmed,nax1326,,https://www.jjan.kr/article/20250120580197
58,2025~2026,전북특별자치도,부안군,변산반도국립공원,confirmed,nax667,,https://www.jjan.kr/article/20250120580197
59,2025~2026,전라남도,목포시,목포근대역사공간&목포해상케이블카,confirmed,nax213 nax215,,https://www.fnnews.com/news/202501211502033319
60,2025~2026,전라남도,여수시,여수 엑스포해양공원,confirmed,nax1151,,https://www.fnnews.com/news/202501211502033319
61,2025~2026,전라남도,순천시,순천만국가정원&순천만습지,confirmed,nax208 nax207,,https://www.fnnews.com/news/202501211502033319
62,2025~2026,전라남도,광양시,광양 매화마을&청매실농원,confirmed,nax1522,,https://www.fnnews.com/news/202501211502033319
63,2025~2026,전라남도,담양군,죽녹원&관방제림,confirmed,nax657 nax660,,https://www.fnnews.com/news/202501211502033319
64,2025~2026,전라남도,곡성군,섬진강기차마을,confirmed,ctt299,,https://www.fnnews.com/news/202501211502033319
65,2025~2026,전라남도,장흥군,정남진 편백숲 우드랜드,confirmed,nax1329,,https://www.fnnews.com/news/202501211502033319
66,2025~2026,전라남도,신안군,퍼플섬,confirmed,nax453,,https://news.ikbc.co.kr/article/view/kbc202502060049
67,2025~2026,부산광역시,기장군,해동용궁사&오시리아관광단지,confirmed,bcx22 bcx23,,https://www.busan.go.kr/news/totalnews01/view?dataNo=71069
68,2025~2026,부산광역시,해운대구,해운대&송정해수욕장,confirmed,bc3 bcx27,,https://www.busan.go.kr/news/totalnews01/view?dataNo=71069
69,2025~2026,부산광역시,해운대구,부산엑스더스카이&그린레일웨이,confirmed,nax1518 nax1519,,https://www.busan.go.kr/news/totalnews01/view?dataNo=71069
70,2025~2026,부산광역시,수영구,광안리해변&SUP존,confirmed,bc4,,https://www.busan.go.kr/news/totalnews01/view?dataNo=71069
71,2025~2026,부산광역시,사하구,감천문화마을,confirmed,bc1,,https://www.busan.go.kr/news/totalnews01/view?dataNo=71069
72,2025~2026,부산광역시,영도구,태종대유원지,confirmed,bc12,,https://www.busan.go.kr/news/totalnews01/view?dataNo=71069
73,2025~2026,대구광역시,중구,서문시장&동성로,confirmed,nax101 nax102,,https://www.dkilbo.com/news/articleView.html?idxno=480161
74,2025~2026,대구광역시,동구,팔공산국립공원,confirmed,nax106 nax768,,https://www.dkilbo.com/news/articleView.html?idxno=480161
75,2025~2026,대구광역시,군위군,사유원,confirmed,nax1520,,https://www.dkilbo.com/news/articleView.html?idxno=480161
76,2025~2026,울산광역시,중구·남구,태화강국가정원,confirmed,nax308,,https://www.nocutnews.co.kr/news/6280552
77,2025~2026,울산광역시,동구,대왕암공원,confirmed,nax307,,https://www.nocutnews.co.kr/news/6280552
78,2025~2026,울산광역시,울주군,영남알프스,confirmed,nax990 ro421,,https://www.nocutnews.co.kr/news/6280552
79,2025~2026,경상북도,경주시,불국사&석굴암,confirmed,gjx1 gjx5,,https://www.inews24.com/view/1806193
80,2025~2026,경상북도,경주시,대릉원 일원(동궁과월지·첨성대·황리단길·월정교),confirmed,gjx2 gj3 gjx3 gj4 gjx6,,https://www.inews24.com/view/1806193
81,2025~2026,경상북도,포항시,스페이스워크,confirmed,nax227,,https://www.inews24.com/view/1806193
82,2025~2026,경상북도,안동시,하회마을,confirmed,nax157,,https://www.inews24.com/view/1806193
83,2025~2026,경상북도,청송군,주왕산&주산지,confirmed,nax677 nax678,,https://www.inews24.com/view/1806193
84,2025~2026,경상북도,봉화군,국립백두대간수목원,confirmed,nax1516,,https://www.inews24.com/view/1806193
85,2025~2026,경상북도,울릉군,울릉도&독도,confirmed,nax1174 nax1175 nax1173,,https://www.inews24.com/view/1806193
86,2025~2026,경상남도,진주시,진주성,confirmed,nax201,,https://www.newsis.com/view/NISX20250120_0003039390
87,2025~2026,경상남도,통영시,디피랑,confirmed,nax1517,,https://www.newsis.com/view/NISX20250120_0003039390
88,2025~2026,경상남도,사천시,사천바다케이블카&아라마루 아쿠아리움,confirmed,nax501 ro221,,https://www.newsis.com/view/NISX20250120_0003039390
89,2025~2026,경상남도,거제시,거제식물원,confirmed,gz6,,https://www.newsis.com/view/NISX20250120_0003039390
90,2025~2026,경상남도,양산시,통도사,confirmed,nax401,,https://www.newsis.com/view/NISX20250120_0003039390
91,2025~2026,경상남도,창녕군,우포늪,confirmed,nax441,,https://www.newsis.com/view/NISX20250120_0003039390
92,2025~2026,경상남도,남해군,독일마을,confirmed,nax251,,https://www.newsis.com/view/NISX20250120_0003039390
93,2025~2026,경상남도,하동군,쌍계사&화개장터,confirmed,nax1271 nax1270,,https://www.newsis.com/view/NISX20250120_0003039390
94,2025~2026,경상남도,산청군,동의보감촌,confirmed,nax1334,,https://www.newsis.com/view/NISX20250120_0003039390
95,2025~2026,제주특별자치도,제주시·서귀포시,한라산국립공원,confirmed,jdx7,,https://www.visitjeju.net/kr/detail/view?contentsid=CNTS_300000000013436
96,2025~2026,제주특별자치도,서귀포시,성산일출봉,confirmed,jd1,,https://www.visitjeju.net/kr/detail/view?contentsid=CNTS_300000000013436
97,2025~2026,제주특별자치도,제주시·서귀포시,제주올레길,confirmed,,걷기 길 전체라 대응 장소 없음,https://www.visitjeju.net/kr/detail/view?contentsid=CNTS_300000000013436
98,2025~2026,제주특별자치도,제주시,우도,confirmed,jd10,,https://www.visitjeju.net/kr/detail/view?contentsid=CNTS_300000000013436
99,2025~2026,제주특별자치도,제주시,비자림,confirmed,jdx18,,https://www.visitjeju.net/kr/detail/view?contentsid=CNTS_300000000013436
100,2025~2026,제주특별자치도,서귀포시,머체왓숲길,confirmed,nax1524,,https://www.visitjeju.net/kr/detail/view?contentsid=CNTS_300000000013436
