region,stopName,tours,ko,en,cat,lat,lng,signgu,muni,desc,descEn,nearOk,source,
서울,숭례문,1,숭례문,Sungnyemun Gate,herit,37.5599,126.9753,11140,중구,국보 숭례문. 한양도성의 남쪽 정문.,National Treasure: Sungnyemun,1,,['국보 소재지(2026-10-04 점검)']
서울,원각사지 십층석탑,1,탑골공원(원각사지 십층석탑),Tapgol Park (Wongaksa Ten-story Pagoda),herit,37.5713,126.9882,11110,종로구,국보 원각사지 십층석탑이 있는 공원. 3·1운동이 시작된 곳.,Park holding the Wongaksa ten-story pagoda (National Treasure); where the 1919 March 1st Movement began.,1,국보 소재지(2026-10-04 점검),
서울,호림박물관,1,호림박물관,Horim Museum,herit,37.4790,126.9340,11620,관악구,국보 여러 점을 소장한 사립 박물관(신림 본관).,Private museum holding several National Treasures (Sillim main hall).,,국보 소장처(2026-10-04 점검),
여주,고달사지,1,여주 고달사지,Godalsa Temple Site,herit,37.3545,127.6935,41670,여주시,국보 고달사지 승탑이 있는 고려 절터.,Goryeo temple site with the Godalsa stupa (National Treasure).,,국보 소재지(2026-10-04 점검),
원주,법천사지,1,원주 법천사지,Beopcheonsa Temple Site,herit,37.2228,127.7578,51130,원주시,국보 지광국사탑 · 탑비가 있는 절터 유적 전시관.,Temple site and exhibition hall with the National Preceptor Jigwang stupa and stele (National Treasures).,,국보 소재지(2026-10-04 점검),
강릉,임영관 삼문,1,강릉 대도호부 관아(임영관 삼문),Gangneung Daedohobu Government Office (Imyeonggwan Gate),herit,37.7535,128.8953,51150,강릉시,국보 임영관 삼문이 있는 고려 · 조선 관아 터.,Old government office site with the Imyeonggwan three-door gate (National Treasure).,,국보 소재지(2026-10-04 점검),
평창,상원사,1,오대산 상원사,Sangwonsa Temple (Odaesan),herit,37.7835,128.5630,51760,평창군,국보 상원사 동종 · 목조문수동자좌상이 있는 오대산 절.,Odaesan temple holding the Sangwonsa bronze bell and wooden Child Manjusri (National Treasures).,,국보 소재지(2026-10-04 점검),
양양,진전사지,1,양양 진전사지,Jinjeonsa Temple Site,herit,38.0560,128.5560,51830,양양군,국보 진전사지 삼층석탑이 있는 통일신라 절터.,Unified Silla temple site with a three-story stone pagoda (National Treasure).,,국보 소재지(2026-10-04 점검),
단양,신라 적성비,1,단양 신라 적성비,Danyang Silla Jeokseong Stele,herit,36.9605,128.3350,43800,단양군,국보 단양 신라 적성비. 성재산 적성 안의 신라 비석.,Silla stele inside Jeokseong fortress on Seongjaesan (National Treasure).,,국보 소재지(2026-10-04 점검),
천안,봉선홍경사 갈기비,1,천안 봉선홍경사 갈기비,Bongseon Honggyeongsa Stele,herit,36.9050,127.1440,44133,천안시,국보 봉선홍경사 갈기비. 고려 절터에 남은 비석.,Goryeo stele left at the Honggyeongsa temple site (National Treasure).,,국보 소재지(2026-10-04 점검),
보령,성주사지,1,보령 성주사지,Seongjusa Temple Site,herit,36.3535,126.6605,44180,보령시,국보 낭혜화상탑비가 있는 통일신라 절터.,Unified Silla temple site with the stele of Master Nanghye (National Treasure).,,국보 소재지(2026-10-04 점검),
김제,금산사,1,김제 금산사,Geumsansa Temple,herit,35.7244,127.0540,52210,김제시,국보 금산사 미륵전이 있는 모악산 절.,Moaksan temple with the three-story Maitreya Hall (National Treasure).,,국보 소재지(2026-10-04 점검),
구례,화엄사,1,구례 화엄사,Hwaeomsa Temple,herit,35.2557,127.4985,46730,구례군,국보 각황전 · 석등 · 사사자 삼층석탑이 있는 지리산 절.,Jirisan temple with Gakhwangjeon hall · stone lantern · four-lion pagoda (National Treasures).,,국보 소재지(2026-10-04 점검),
구례,연곡사,1,구례 연곡사,Yeongoksa Temple,herit,35.2010,127.5960,46730,구례군,국보 동승탑 · 북승탑이 있는 피아골 절.,Piagol temple with the east and north stupas (National Treasures).,,국보 소재지(2026-10-04 점검),
강진,무위사,1,강진 무위사,Muwisa Temple (Gangjin),herit,34.7385,126.7215,46810,강진군,국보 무위사 극락보전이 있는 월출산 남쪽 절.,Temple south of Wolchulsan with the Geungnakbojeon hall (National Treasure).,,국보 소재지(2026-10-04 점검),
화순,쌍봉사,1,화순 쌍봉사,Ssangbongsa Temple,herit,34.9340,127.0215,46790,화순군,국보 철감선사탑이 있는 절.,Temple with the stupa of Master Cheolgam (National Treasure).,,국보 소재지(2026-10-04 점검),
영천,거조암,1,영천 은해사 거조암,Geojoam Hermitage (Eunhaesa),herit,36.0270,128.8730,47230,영천시,국보 거조사 영산전(오백나한)이 있는 은해사 암자.,Eunhaesa hermitage with the Yeongsanjeon hall of 500 arhats (National Treasure).,,국보 소재지(2026-10-04 점검),
경주,태종무열왕릉,1,경주 태종무열왕릉,Tomb of King Muyeol,herit,35.8472,129.1912,47130,경주시,국보 태종무열왕릉비(귀부 · 이수)가 있는 신라 왕릉.,Silla royal tomb with King Muyeol's stele base and capstone (National Treasure).,,국보 소재지(2026-10-04 점검),
경주,나원리 오층석탑,1,경주 나원리 오층석탑,Nawon-ri Five-story Stone Pagoda,herit,35.9228,129.1786,47130,경주시,국보 나원리 오층석탑. 흰 화강암이라 나원 백탑으로 불린다.,National Treasure five-story pagoda of white granite.,,국보 소재지(2026-10-04 점검),
경주,정혜사지 십삼층석탑,1,경주 정혜사지 십삼층석탑,Jeonghyesa Thirteen-story Stone Pagoda,herit,35.9985,129.1660,47130,경주시,국보 정혜사지 십삼층석탑. 옥산서원 근처 절터.,National Treasure thirteen-story pagoda near Oksan Seowon.,1,국보 소재지(2026-10-04 점검),
의성,탑리리 오층석탑,1,의성 탑리리 오층석탑,Tamni-ri Five-story Stone Pagoda,herit,36.3520,128.6960,47730,의성군,국보 탑리리 오층석탑. 전탑을 닮은 통일신라 석탑.,National Treasure Unified Silla pagoda in brick-pagoda style.,,국보 소재지(2026-10-04 점검),
영양,산해리 오층모전석탑,1,영양 산해리 오층모전석탑,Sanhae-ri Five-story Stone Pagoda,herit,36.6900,129.1120,47760,영양군,국보 산해리 오층모전석탑. 반변천 옆 들판의 탑.,National Treasure brick-style stone pagoda by the Banbyeoncheon.,,국보 소재지(2026-10-04 점검),
구미,죽장리 오층석탑,1,구미 죽장리 오층석탑,Jukjang-ri Five-story Stone Pagoda,herit,36.2545,128.3305,47190,구미시,국보 죽장리 오층석탑. 선산 죽장사의 큰 석탑.,National Treasure pagoda at Jukjangsa in Seonsan.,,국보 소재지(2026-10-04 점검),
포항,냉수리 신라비,1,포항 냉수리 신라비,Naengsu-ri Silla Stele,herit,36.1370,129.2720,47111,포항시 북구,국보 냉수리 신라비가 있는 신광면 비각.,Pavilion in Singwang-myeon holding the Naengsu-ri Silla stele (National Treasure).,,국보 소재지(2026-10-04 점검),
울진,봉평리 신라비,1,울진 봉평리 신라비 전시관,Uljin Bongpyeong-ri Silla Stele Hall,herit,37.0000,129.4040,47930,울진군,국보 봉평리 신라비를 전시하는 곳.,Exhibition hall for the Bongpyeong-ri Silla stele (National Treasure).,,국보 소재지(2026-10-04 점검),
창녕,진흥왕 척경비,1,창녕 신라 진흥왕 척경비,Changnyeong King Jinheung Stele,herit,35.5440,128.4925,48740,창녕군,국보 진흥왕 척경비. 만옥정 공원 안 비석.,National Treasure stele of King Jinheung in Manokjeong Park.,,국보 소재지(2026-10-04 점검),
창녕,술정리 동 삼층석탑,1,창녕 술정리 동 삼층석탑,Suljeong-ri East Three-story Pagoda,herit,35.5420,128.4980,48740,창녕군,국보 술정리 동 삼층석탑. 창녕읍 안의 통일신라 석탑.,National Treasure Unified Silla pagoda in Changnyeong town.,,국보 소재지(2026-10-04 점검),
안동,법흥사지 칠층전탑,1,안동 법흥사지 칠층전탑,Beopheungsa Seven-story Brick Pagoda,herit,36.5615,128.7350,47170,안동시,국보 법흥사지 칠층전탑. 임청각 바로 옆 우리나라에서 가장 큰 전탑.,National Treasure: Korea's largest brick pagoda right beside Imcheonggak.,1,국보 소재지(2026-10-04 점검),
광주,국립광주박물관,1,국립광주박물관,Gwangju National Museum,herit,35.1880,126.8877,29170,북구,국보를 소장한 국립 박물관.,National museum holding National Treasures.,,국보 소장처(2026-10-04 점검),
