region,stopName,tours,ko,en,cat,lat,lng,signgu,muni,desc,descEn,nearOk,source
경주,황복사지 삼층석탑,1,경주 황복사지 삼층석탑,Hwangboksa Temple Site Three-story Pagoda,herit,35.8402,129.2425,47130,경주시,국보 황복사지 삼층석탑. 낭산 북쪽 절터의 통일신라 석탑.,National Treasure Unified Silla pagoda at a temple site north of Nangsan.,,국보 목록 재점검(2026-10-04 국가유산 기본정보)
청주,용두사지 철당간,1,청주 용두사지 철당간,Yongdusa Temple Site Iron Flagpole,herit,36.6338,127.4888,43111,청주시 상당구,국보 용두사지 철당간. 성안길 한가운데 선 고려 철당간.,National Treasure Goryeo iron flagpole in the middle of Seongan-gil.,1,국보 목록 재점검(2026-10-04 국가유산 기본정보)
영암,도갑사,1,영암 도갑사,Dogapsa Temple,herit,34.7356,126.6535,46830,영암군,국보 도갑사 해탈문이 있는 월출산 절.,Wolchulsan temple with the Haetalmun gate (National Treasure).,,국보 목록 재점검(2026-10-04 국가유산 기본정보)
영암,월출산 마애여래좌상,1,영암 월출산 마애여래좌상,Wolchulsan Rock-carved Seated Buddha,herit,34.7620,126.6950,46830,영암군,국보 월출산 마애여래좌상. 구정봉 아래 바위에 새긴 큰 불상(산행).,National Treasure rock-carved Buddha below Gujeongbong (hiking).,,국보 목록 재점검(2026-10-04 국가유산 기본정보)
충주,청룡사지,1,충주 청룡사지(보각국사탑),Cheongnyongsa Temple Site (Stupa of National Preceptor Bogak),herit,37.0925,127.8420,43130,충주시,국보 청룡사지 보각국사탑이 있는 절터.,Temple site with the stupa of National Preceptor Bogak (National Treasure).,,국보 목록 재점검(2026-10-04 국가유산 기본정보)
경주,장항리 사지,1,경주 장항리 사지(서 오층석탑),Janghang-ri Temple Site (West Five-story Pagoda),herit,35.7625,129.3530,47130,경주시,국보 장항리 서 오층석탑이 있는 토함산 동쪽 절터.,Temple site east of Tohamsan with the west five-story pagoda (National Treasure).,,국보 목록 재점검(2026-10-04 국가유산 기본정보)
완주,화암사,1,완주 화암사,Hwaamsa Temple,herit,36.0433,127.2789,52710,완주군,국보 화암사 극락전이 있는 불명산 절.,Bulmyeongsan temple with the Geungnakjeon hall (National Treasure).,,국보 목록 재점검(2026-10-04 국가유산 기본정보)
곡성,태안사,1,곡성 태안사,Taeansa Temple,herit,35.1474,127.3482,46720,곡성군,국보 적인선사탑이 있는 동리산 절.,Dongnisan temple with the stupa of Master Jeogin (National Treasure).,,국보 목록 재점검(2026-10-04 국가유산 기본정보)
예천,개심사지 오층석탑,1,예천 개심사지 오층석탑,Gaesimsa Temple Site Five-story Pagoda,herit,36.6497,128.4446,47900,예천군,국보 개심사지 오층석탑. 예천읍 들판의 고려 석탑.,National Treasure Goryeo pagoda in Yecheon town.,,국보 목록 재점검(2026-10-04 국가유산 기본정보)
봉화,북지리 마애여래좌상,1,봉화 북지리 마애여래좌상,Bukji-ri Rock-carved Seated Buddha,herit,36.9566,128.6900,47920,봉화군,국보 북지리 마애여래좌상. 바위 감실에 새긴 큰 불상.,National Treasure seated Buddha carved in a rock niche.,,국보 목록 재점검(2026-10-04 국가유산 기본정보)
태안,동문리 마애삼존불,1,태안 동문리 마애삼존불입상,Taean Dongmun-ri Rock-carved Buddha Triad,herit,36.7609,126.3045,44825,태안군,국보 동문리 마애삼존불입상. 백화산 중턱의 백제 마애불.,National Treasure Baekje rock-carved triad on Baekhwasan.,,국보 목록 재점검(2026-10-04 국가유산 기본정보)
청양,장곡사,1,청양 장곡사,Janggoksa Temple,herit,36.4453,126.8810,44790,청양군,국보 철조약사여래좌상 · 미륵불 괘불탱이 있는 칠갑산 절.,Chilgapsan temple holding an iron Medicine Buddha and a hanging painting (National Treasures).,,국보 목록 재점검(2026-10-04 국가유산 기본정보)
남양주,봉선사,1,남양주 봉선사,Bongseonsa Temple,herit,37.7360,127.1814,41360,남양주시,국보 봉선사 동종이 있는 광릉 옆 절.,Temple beside Gwangneung holding the Bongseonsa bronze bell (National Treasure).,,국보 목록 재점검(2026-10-04 국가유산 기본정보)
문경,대승사,1,문경 대승사,Daeseungsa Temple,herit,36.7363,128.3063,47280,문경시,국보 목각아미타여래설법상이 있는 사불산 절.,Sabulsan temple with a wooden Amitabha preaching relief (National Treasure).,,국보 목록 재점검(2026-10-04 국가유산 기본정보)
김천,직지사,1,김천 직지사,Jikjisa Temple,herit,36.1157,127.9971,47150,김천시,국보 도리사 세존사리탑 금동 사리기를 둔 황악산 절(성보박물관).,Hwangaksan temple whose museum holds a gilt-bronze reliquary (National Treasure).,,국보 목록 재점검(2026-10-04 국가유산 기본정보)
안성,칠장사,1,안성 칠장사,Chiljangsa Temple,herit,37.0278,127.4381,41550,안성시,국보 오불회 괘불탱이 있는 칠현산 절.,Chilhyeonsan temple with the Five Buddhas hanging painting (National Treasure).,,국보 목록 재점검(2026-10-04 국가유산 기본정보)
청주,안심사,1,청주 안심사,Ansimsa Temple,herit,36.5652,127.4194,43112,청주시 서원구,국보 영산회 괘불탱이 있는 절.,Temple with the Vulture Peak assembly hanging painting (National Treasure).,,국보 목록 재점검(2026-10-04 국가유산 기본정보)
산청,덕산사,1,산청 덕산사(옛 내원사),Deoksansa Temple (former Naewonsa),herit,35.3070,127.8140,48860,산청군,국보 석남암사지 석조비로자나불좌상이 있는 지리산 절.,Jirisan temple with a stone Vairocana Buddha (National Treasure).,,국보 목록 재점검(2026-10-04 국가유산 기본정보)
진주,청곡사,1,진주 청곡사,Cheonggoksa Temple,herit,35.2210,128.1404,48170,진주시,국보 영산회 괘불탱이 있는 월아산 절(문화박물관).,Wolasan temple with the Vulture Peak hanging painting (National Treasure).,,국보 목록 재점검(2026-10-04 국가유산 기본정보)
서울,고려대학교박물관,1,고려대학교박물관,Korea University Museum,herit,37.5888,127.0313,11290,성북구,국보 분청사기 · 동궐도 등을 소장한 대학 박물관.,University museum holding National Treasures such as Donggwoldo.,,국보 목록 재점검(2026-10-04 국가유산 기본정보)
서울,연세대학교박물관,1,연세대학교박물관,Yonsei University Museum,herit,37.5650,126.9385,11410,서대문구,국보 삼국유사 등을 소장한 대학 박물관.,University museum holding National Treasures such as Samguk Yusa.,,국보 목록 재점검(2026-10-04 국가유산 기본정보)
서울,동국대학교박물관,1,동국대학교박물관,Dongguk University Museum,herit,37.5585,127.0010,11140,중구,국보 백자 청화 항아리 · 보협인석탑을 소장한 대학 박물관.,University museum holding National Treasures.,,국보 목록 재점검(2026-10-04 국가유산 기본정보)
서울,한국기독교박물관,1,한국기독교박물관(숭실대),Korean Christian Museum at Soongsil University,herit,37.4963,126.9575,11590,동작구,국보 정문경 등을 소장한 숭실대 박물관.,Soongsil University museum holding National Treasures such as a bronze mirror.,,국보 목록 재점검(2026-10-04 국가유산 기본정보)
서울,국립기상박물관,1,국립기상박물관,National Weather Museum,herit,37.5713,126.9663,11110,종로구,국보 측우기 · 측우대를 전시하는 기상 박물관.,Weather museum displaying the rain gauge and its stand (National Treasures).,1,국보 목록 재점검(2026-10-04 국가유산 기본정보)
인천,가천박물관,1,가천박물관,Gachon Museum,herit,37.4219,126.6698,28185,연수구,국보 초조본 유가사지론을 소장한 박물관.,Museum holding a first-edition Tripitaka volume (National Treasure).,,국보 목록 재점검(2026-10-04 국가유산 기본정보)
서울,간송미술관,1,간송미술관,Kansong Art Museum,herit,37.5945,126.9977,11290,성북구,훈민정음 해례본 · 신윤복 풍속도 화첩 등 국보를 소장한 미술관(봄 · 가을 전시).,Museum holding National Treasures such as the Hunminjeongeum Haerye and Sin Yun-bok's genre album.,1,국보 목록 재점검(2026-10-04 국가유산 기본정보)
서울,이화여자대학교박물관,1,이화여자대학교박물관,Ewha Womans University Museum,herit,37.5620,126.9469,11410,서대문구,국보 백자 철화포도문 항아리 등을 소장한 대학 박물관.,University museum holding National Treasures such as a white porcelain jar with grapevine design.,1,국보 목록 재점검(2026-10-04 국가유산 기본정보)
서울,건국대학교박물관,1,건국대학교박물관,Konkuk University Museum,herit,37.5428,127.0756,11215,광진구,국보 동국정운을 소장한 대학 박물관.,University museum holding the Dongguk Jeongun (National Treasure).,,국보 목록 재점검(2026-10-04 국가유산 기본정보)
서울,코리아나 화장박물관,1,코리아나 화장박물관,Coreana Cosmetic Museum,herit,37.5254,127.0344,11680,강남구,국보 초조본 대반야바라밀다경을 소장한 박물관.,Museum holding a first-edition Tripitaka sutra (National Treasure).,1,국보 목록 재점검(2026-10-04 국가유산 기본정보)
용인,명지대학교박물관,1,명지대학교박물관,Myongji University Museum,herit,37.2225,127.1880,41461,용인시 처인구,국보 초조본 유가사지론을 소장한 대학 박물관.,University museum holding a first-edition Tripitaka volume (National Treasure).,,국보 목록 재점검(2026-10-04 국가유산 기본정보)
경주,단석산 신선사 마애불상군,1,경주 단석산 신선사 마애불상군,Danseoksan Sinseonsa Rock-carved Buddhas,herit,35.7905,129.1086,47130,경주시,국보 신선사 마애불상군. 단석산 중턱 바위 석굴의 신라 불상(산행).,National Treasure Silla rock carvings in a cave temple on Danseoksan (hiking).,,국보 목록 재점검(2026-10-04 국가유산 기본정보)
영주,흑석사,1,영주 흑석사,Heukseoksa Temple,herit,36.8540,128.6230,47210,영주시,국보 목조아미타여래좌상 및 복장유물이 있는 절.,Temple with a wooden Amitabha Buddha and its interior relics (National Treasure).,,국보 목록 재점검(2026-10-04 국가유산 기본정보)
예천,용문사,1,예천 용문사,Yongmunsa Temple (Yecheon),herit,36.7225,128.3800,47900,예천군,국보 대장전과 윤장대가 있는 소백산 절.,Sobaeksan temple with the Daejangjeon hall and revolving sutra cases (National Treasure).,,국보 목록 재점검(2026-10-04 국가유산 기본정보)
영천,청제비,1,영천 청제비,Yeongcheon Cheongje Stele,herit,35.9985,128.9195,47230,영천시,국보 청제비. 청못 둑 쌓기를 새긴 신라 비석.,National Treasure Silla stele recording the building of the Cheongmot reservoir dike.,,국보 목록 재점검(2026-10-04 국가유산 기본정보)
