year,sido,sigungu,name,placeIds,note,source
2015,전남,순천시,순천만자연생태공원,nax207,,https://www.seoul.co.kr/news/life/travel-news/2015/04/04/20150404017006
2015,경북,경주시,보문관광단지,gjx18,,https://www.seoul.co.kr/news/life/travel-news/2015/04/04/20150404017006
2015,경기,용인시,한국민속촌,nax287,,https://www.seoul.co.kr/news/life/travel-news/2015/04/04/20150404017006
2015,대구,중구,근대골목,nax766,,https://www.seoul.co.kr/news/life/travel-news/2015/04/04/20150404017006
2015,전남,곡성군,섬진강기차마을,ctt299,,https://www.seoul.co.kr/news/life/travel-news/2015/04/04/20150404017006
2015,경남,통영시,한려수도 조망 케이블카,nax135,,https://www.seoul.co.kr/news/life/travel-news/2015/04/04/20150404017006
2016,경남,고성군,당항포관광지,nax448,,https://edaily.co.kr/News/Read?mediaCodeNo=257&newsId=02824086612618088
2016,전북,고창군,선운산도립공원,nax429,,https://edaily.co.kr/News/Read?mediaCodeNo=257&newsId=02824086612618088
2016,전남,여수시,오동도,nax125,,https://edaily.co.kr/News/Read?mediaCodeNo=257&newsId=02824086612618088
2016,강원,강릉시,정동진 모래시계공원,nax121,,https://edaily.co.kr/News/Read?mediaCodeNo=257&newsId=02824086612618088
2016,충남,보령시,대천해수욕장,nax649,,https://edaily.co.kr/News/Read?mediaCodeNo=257&newsId=02824086612618088
2017,강원,정선군,삼탄아트마인,nax33,,https://www.seoul.co.kr/news/life/2017/04/03/20170403500018
2017,전북,완주군,삼례문화예술촌,nax1317,,https://www.seoul.co.kr/news/life/2017/04/03/20170403500018
2017,울산,중구,태화강 십리대숲,nax774,,https://www.seoul.co.kr/news/life/2017/04/03/20170403500018
2017,경북,고령군,대가야역사테마관광지,nax1333,,https://www.seoul.co.kr/news/life/2017/04/03/20170403500018
2017,경기,양평군,세미원,nax319,,https://www.seoul.co.kr/news/life/2017/04/03/20170403500018
2017,제주,서귀포시,천지연폭포,jdx8,,https://www.seoul.co.kr/news/life/2017/04/03/20170403500018
2018,충남,아산시,외암마을,nax653,,https://www.metroseoul.co.kr/article/2018041200042
2018,경기,시흥시,갯골생태공원,nax1310,,https://www.metroseoul.co.kr/article/2018041200042
2018,강원,동해시,망상해수욕장,na10,,https://www.metroseoul.co.kr/article/2018041200042
2018,전북,무주군,반디랜드,nax664,,https://www.metroseoul.co.kr/article/2018041200042
2018,경남,함양군,상림공원,nax411,,https://www.metroseoul.co.kr/article/2018041200042
2018,부산,해운대구,해운대해수욕장·온천,bc3,,https://www.metroseoul.co.kr/article/2018041200042
2018,전남,장흥군,정남진 편백숲 우드랜드,nax1329,,https://www.metroseoul.co.kr/article/2018041200042
2018,충남,부여군,궁남지,nax279,,https://www.metroseoul.co.kr/article/2018041200042
2018,전남,여수시,여수해양공원(이순신광장·하멜전시관·자산공원·진남관),nax132,,https://www.metroseoul.co.kr/article/2018041200042
2018,전남,영광군,백수해안도로,ctt269,,https://www.metroseoul.co.kr/article/2018041200042
2018,경남,산청군,동의보감촌(한방휴양관광지),nax1334,,https://www.metroseoul.co.kr/article/2018041200042
2018,경남,합천군,대장경테마파크,nax257,,https://www.metroseoul.co.kr/article/2018041200042
2019,강원,춘천시,남이섬,nax230,,https://www.seoul.co.kr/news/life/travel-news/2019/06/21/20190621027002
2019,강원,춘천시,물길로,nax1418,,https://www.seoul.co.kr/news/life/travel-news/2019/06/21/20190621027002
2019,강원,춘천시,소양강 스카이워크,nax231,,https://www.seoul.co.kr/news/life/travel-news/2019/06/21/20190621027002
2019,강원,춘천시,박사마을 어린이글램핑장,nax1417,,https://www.seoul.co.kr/news/life/travel-news/2019/06/21/20190621027002
2019,전북,전주시,전주한옥마을,nax109,,https://www.seoul.co.kr/news/life/travel-news/2019/06/21/20190621027002
2019,전북,전주시,오목대,nax114,,https://www.seoul.co.kr/news/life/travel-news/2019/06/21/20190621027002
2019,전북,전주시,전주향교,nax115,,https://www.seoul.co.kr/news/life/travel-news/2019/06/21/20190621027002
2019,전북,전주시,경기전,nax110,,https://www.seoul.co.kr/news/life/travel-news/2019/06/21/20190621027002
2019,전북,남원시,남원관광지,nax243,,https://www.seoul.co.kr/news/life/travel-news/2019/06/21/20190621027002
2019,전북,남원시,국악의 성지,nax1415,,https://www.seoul.co.kr/news/life/travel-news/2019/06/21/20190621027002
2019,전북,남원시,지리산 허브밸리,nax1327,,https://www.seoul.co.kr/news/life/travel-news/2019/06/21/20190621027002
2019,전북,남원시,백두대간 생태교육장 체험관,nax1416,,https://www.seoul.co.kr/news/life/travel-news/2019/06/21/20190621027002
2019,전북,장수군,방화동 가족휴가촌·자연휴양림,nax1324,,https://www.seoul.co.kr/news/life/travel-news/2019/06/21/20190621027002
2019,전북,장수군,장수누리파크,nax1323,,https://www.seoul.co.kr/news/life/travel-news/2019/06/21/20190621027002
2019,전북,장수군,와룡자연휴양림,nax1322,,https://www.seoul.co.kr/news/life/travel-news/2019/06/21/20190621027002
2019,전북,장수군,뜬봉샘 생태관광지,nax1414,,https://www.seoul.co.kr/news/life/travel-news/2019/06/21/20190621027002
2019,경남,김해시,김해가야테마파크,nax436,,https://www.seoul.co.kr/news/life/travel-news/2019/06/21/20190621027002
2019,경남,김해시,낙동강레일파크,nax937,,https://www.seoul.co.kr/news/life/travel-news/2019/06/21/20190621027002
2019,경남,김해시,봉하마을,nax852,,https://www.seoul.co.kr/news/life/travel-news/2019/06/21/20190621027002
2019,경남,김해시,김해한옥체험관,nax940,,https://www.seoul.co.kr/news/life/travel-news/2019/06/21/20190621027002
2019,제주,서귀포시,서귀포 치유의숲,nax881,,https://www.seoul.co.kr/news/life/travel-news/2019/06/21/20190621027002
2019,제주,서귀포시,올레7코스,jdx27,,https://www.seoul.co.kr/news/life/travel-news/2019/06/21/20190621027002
2019,제주,서귀포시,서복전시관,ctm30b0cfa6,,https://www.seoul.co.kr/news/life/travel-news/2019/06/21/20190621027002
2019,제주,서귀포시,성산일출봉,jd1,,https://www.seoul.co.kr/news/life/travel-news/2019/06/21/20190621027002
2020,충북,단양군,다리안관광지,nax1315,,https://edaily.co.kr/News/Read?mediaCodeNo=257&newsId=01708886625768264
2020,충북,단양군,온달관광지,nax897,,https://edaily.co.kr/News/Read?mediaCodeNo=257&newsId=01708886625768264
2020,제주,서귀포시,서귀포 치유의숲(2020 재선정 표기),nax881,,https://edaily.co.kr/News/Read?mediaCodeNo=257&newsId=01708886625768264
2020,제주,서귀포시,사려니숲길 삼나무숲,jdx5,,https://edaily.co.kr/News/Read?mediaCodeNo=257&newsId=01708886625768264
2020,제주,서귀포시,붉은오름 자연휴양림,nax1340,,https://edaily.co.kr/News/Read?mediaCodeNo=257&newsId=01708886625768264
2020,경기,수원시,수원화성 연무대,na1,,https://edaily.co.kr/News/Read?mediaCodeNo=257&newsId=01708886625768264
2020,경기,수원시,수원화성 장안문,ro400,,https://edaily.co.kr/News/Read?mediaCodeNo=257&newsId=01708886625768264
2020,경기,수원시,화성행궁,nax23,,https://edaily.co.kr/News/Read?mediaCodeNo=257&newsId=01708886625768264
2020,강원,속초시,속초해수욕장 관광지,nax144,,https://edaily.co.kr/News/Read?mediaCodeNo=257&newsId=01708886625768264
2020,강원,속초시,아바이마을,nax143,,https://edaily.co.kr/News/Read?mediaCodeNo=257&newsId=01708886625768264
2020,강원,횡성군,횡성호수길 5구간,ctmf2a0b7b5,,https://edaily.co.kr/News/Read?mediaCodeNo=257&newsId=01708886625768264
2020,강원,횡성군,유현문화관광지,nax1337,,https://edaily.co.kr/News/Read?mediaCodeNo=257&newsId=01708886625768264
2020,강원,강릉시,강릉 커피거리(안목),nax119,,https://edaily.co.kr/News/Read?mediaCodeNo=257&newsId=01708886625768264
2020,강원,강릉시,경포해변,nax117,,https://edaily.co.kr/News/Read?mediaCodeNo=257&newsId=01708886625768264
2020,강원,강릉시,연곡 솔향기캠핑장,nax1338,,https://edaily.co.kr/News/Read?mediaCodeNo=257&newsId=01708886625768264
2020,전남,완도군,신지명사십리해수욕장,nax671,,https://edaily.co.kr/News/Read?mediaCodeNo=257&newsId=01708886625768264
2020,전남,완도군,완도타워,nax670,,https://edaily.co.kr/News/Read?mediaCodeNo=257&newsId=01708886625768264
2020,전남,완도군,정도리 구계등,nax1330,,https://edaily.co.kr/News/Read?mediaCodeNo=257&newsId=01708886625768264
2020,경남,거제시,수협효시공원,nax1335,,https://edaily.co.kr/News/Read?mediaCodeNo=257&newsId=01708886625768264
2020,경남,거제시,포로수용소유적공원 평화파크,gzx7,,https://edaily.co.kr/News/Read?mediaCodeNo=257&newsId=01708886625768264
2020,경남,거제시,칠천량해전공원,nax1336,,https://edaily.co.kr/News/Read?mediaCodeNo=257&newsId=01708886625768264
2020,전북,임실군,임실치즈테마파크,nax1321,,https://imsilfestival.com/?m=bbs&p=19&r=new2020&uid=1652
2021,경기,고양시,행주산성,nax608,,https://korea.kr/special/policyFocusView.do?newsId=148878688&pkgId=49500702
2021,경기,고양시,행주송학커뮤니티센터,,관광지 아님(주민 시설),https://korea.kr/special/policyFocusView.do?newsId=148878688&pkgId=49500702
2021,경기,고양시,행주산성역사공원,ro966,,https://korea.kr/special/policyFocusView.do?newsId=148878688&pkgId=49500702
2021,강원,강릉시,허균·허난설헌 기념공원,nax1419,,https://korea.kr/special/policyFocusView.do?newsId=148878688&pkgId=49500702
2021,강원,강릉시,통일공원,nax1339,,https://korea.kr/special/policyFocusView.do?newsId=148878688&pkgId=49500702
2021,강원,강릉시,솔향수목원,nax741,,https://korea.kr/special/policyFocusView.do?newsId=148878688&pkgId=49500702
2021,충북,충주시,충주세계무술공원,nax1411,,https://korea.kr/special/policyFocusView.do?newsId=148878688&pkgId=49500702
2021,충북,충주시,충주호 체험관광지,nax1511,,https://korea.kr/special/policyFocusView.do?newsId=148878688&pkgId=49500702
2021,충북,충주시,중앙탑사적공원,nax35,,https://korea.kr/special/policyFocusView.do?newsId=148878688&pkgId=49500702
2021,전북,군산시,시간여행마을,nax1316,,https://korea.kr/special/policyFocusView.do?newsId=148878688&pkgId=49500702
2021,전북,군산시,경암동 철길마을,nax283,,https://korea.kr/special/policyFocusView.do?newsId=148878688&pkgId=49500702
2021,전북,익산시,교도소세트장,nax847,,https://korea.kr/special/policyFocusView.do?newsId=148878688&pkgId=49500702
2021,전북,익산시,고스락,nax1412,,https://korea.kr/special/policyFocusView.do?newsId=148878688&pkgId=49500702
2021,전북,순창군,강천산군립공원,nax1326,,https://korea.kr/special/policyFocusView.do?newsId=148878688&pkgId=49500702
2021,전북,순창군,향가오토캠핑장,nax1325,,https://korea.kr/special/policyFocusView.do?newsId=148878688&pkgId=49500702
2021,전남,순천시,순천만국가정원,nax208,,https://korea.kr/special/policyFocusView.do?newsId=148878688&pkgId=49500702
2021,전남,순천시,순천 드라마촬영장,nax211,,https://korea.kr/special/policyFocusView.do?newsId=148878688&pkgId=49500702
2021,전남,순천시,낙안읍성,nax209,,https://korea.kr/special/policyFocusView.do?newsId=148878688&pkgId=49500702
2021,대구,달성군,비슬산군립공원,nax1332,,https://korea.kr/special/policyFocusView.do?newsId=148878688&pkgId=49500702
2021,대구,달성군,사문진주막촌,nax1331,,https://korea.kr/special/policyFocusView.do?newsId=148878688&pkgId=49500702
2022,인천,중구,개항장 역사문화공원,nax168,,https://www.lak.co.kr/m/news/view.php?id=12211
2022,인천,중구,월미문화의거리,nax167,,https://www.lak.co.kr/m/news/view.php?id=12211
2022,인천,중구,연안부두 해양광장,nax1410,,https://www.lak.co.kr/m/news/view.php?id=12211
2022,인천,중구,하나개해수욕장,nax193,,https://www.lak.co.kr/m/news/view.php?id=12211
2022,전북,진안군,마이산도립공원 남부,nax1318,,https://www.lak.co.kr/m/news/view.php?id=12211
2022,전북,진안군,마이산도립공원 북부,nax1318,,https://www.lak.co.kr/m/news/view.php?id=12211
2022,충북,청주시,청주동물원,nax1314,,https://www.lak.co.kr/m/news/view.php?id=12211
2022,충북,청주시,명암유원지,nax1510,,https://www.lak.co.kr/m/news/view.php?id=12211
2022,전북,전주시,전주동물원,nax1319,,https://www.lak.co.kr/m/news/view.php?id=12211
2022,전북,전주시,전주남부시장,nax113,,https://www.lak.co.kr/m/news/view.php?id=12211
2022,전북,전주시,덕진공원,nax116,,https://www.lak.co.kr/m/news/view.php?id=12211
2022,충남,예산군,예당관광지,nax1311,,https://www.lak.co.kr/m/news/view.php?id=12211
2022,충남,예산군,대흥슬로시티,nax1312,,https://www.lak.co.kr/m/news/view.php?id=12211
2022,충남,예산군,봉수산자연휴양림,nax1313,,https://www.lak.co.kr/m/news/view.php?id=12211
2022,전북,남원시,광한루원,nax242,,https://www.lak.co.kr/m/news/view.php?id=12211
2022,전북,남원시,남원항공우주천문대,nax1328,,https://www.lak.co.kr/m/news/view.php?id=12211
2022,전북,부안군,변산해수욕장,nax667,,https://www.lak.co.kr/m/news/view.php?id=12211
2022,전북,부안군,모항해수욕장,nax1320,,https://www.lak.co.kr/m/news/view.php?id=12211
2022,충북,제천시,청풍호반케이블카,nax641,,https://www.lak.co.kr/m/news/view.php?id=12211
2022,충북,제천시,청풍호 유람선,ctme7cf307a,,https://www.lak.co.kr/m/news/view.php?id=12211
2023,경기,시흥시,오이도 해양단지,ro929,,https://www.koya-culture.com/news/article.html?no=138193
2023,경기,시흥시,오이도 선사유적공원,ctmc37e2700,,https://www.koya-culture.com/news/article.html?no=138193
2023,전남,해남군,우수영관광지,nax409,,https://www.koya-culture.com/news/article.html?no=138193
2023,전남,해남군,송호해수욕장,ro158,,https://www.koya-culture.com/news/article.html?no=138193
2023,경남,사천시,사천바다케이블카,nax501,,https://www.koya-culture.com/news/article.html?no=138193
2023,경남,사천시,초양도,nax503,,https://www.koya-culture.com/news/article.html?no=138193
2023,경남,사천시,삼천포대교공원,ro315,,https://www.koya-culture.com/news/article.html?no=138193
2023,전남,함평군,함평엑스포공원,ctmf01d0a5b,,https://www.koya-culture.com/news/article.html?no=138193
2023,전남,함평군,돌머리해수욕장,ctmbae5e320,,https://www.koya-culture.com/news/article.html?no=138193
2023,전남,함평군,함평자연생태공원,ctma6e2d9c1,,https://www.koya-culture.com/news/article.html?no=138193
2023,충남,공주시,무령왕릉과 왕릉원,nax273,,https://www.koya-culture.com/news/article.html?no=138193
2023,충남,공주시,공주한옥마을,nax1092,,https://www.koya-culture.com/news/article.html?no=138193
2023,대전,동구,대청호 명상정원,ctm023a045c,,https://www.koya-culture.com/news/article.html?no=138193
2023,대전,동구,대청호 자연생태관,ctt311,,https://www.koya-culture.com/news/article.html?no=138193
2023,전북,임실군,사선대 관광지,ctmd7a3a128,,https://www.koya-culture.com/news/article.html?no=138193
2023,전북,임실군,오수의견 관광지,ctm58cef5e2,,https://www.koya-culture.com/news/article.html?no=138193
2023,강원,영월군,영월 장릉,yw2,,https://www.koya-culture.com/news/article.html?no=138193
2023,강원,영월군,청령포,yw1,,https://www.koya-culture.com/news/article.html?no=138193
2023,전남,영광군,불갑사 관광지,ctt272,,https://www.koya-culture.com/news/article.html?no=138193
2023,전남,영광군,불갑저수지 수변공원,ctm168c54e2,,https://www.koya-culture.com/news/article.html?no=138193
2024,전북,고창군,동호해수욕장(동호국민여가캠핑장),ro259,,https://www.etoday.co.kr/news/view/2300783
2024,전북,고창군,복분자 유원지(고창국민여가캠핑장),ctm6a781f53,,https://www.etoday.co.kr/news/view/2300783
2024,경북,구미시,금오산 올레길&에코힐링숲,nax685,,https://www.etoday.co.kr/news/view/2300783
2024,경북,구미시,구미 에코랜드,ctm52e9e5d1,,https://www.etoday.co.kr/news/view/2300783
2024,충남,당진시,합덕제 수변공원,ro141,,https://www.etoday.co.kr/news/view/2300783
2024,충남,당진시,솔뫼성지,nax1216,,https://www.etoday.co.kr/news/view/2300783
2024,충북,보은군,속리산 법주사,nax404,,https://www.etoday.co.kr/news/view/2300783
2024,충북,보은군,속리산 테마파크,ctm5ecfe0fc,,https://www.etoday.co.kr/news/view/2300783
2024,경북,안동시,월영교,nax159,,https://www.etoday.co.kr/news/view/2300783
2024,경북,안동시,선성현문화단지,ctm1a1206af,,https://www.etoday.co.kr/news/view/2300783
2024,경기,연천군,재인폭포공원,ctt124,,https://www.etoday.co.kr/news/view/2300783
2024,경기,연천군,연천 재인폭포 오토캠핑장,ctt124,,https://www.etoday.co.kr/news/view/2300783
2024,경기,연천군,한탄강댐,ctmae6883e5,,https://www.etoday.co.kr/news/view/2300783
2024,경북,영덕군,고래불해수욕장,ro25,,https://www.etoday.co.kr/news/view/2300783
2024,경북,영덕군,괴시리 전통마을,ctm2b2d7d27,,https://www.etoday.co.kr/news/view/2300783
2024,울산,남구,장생포 고래문화특구,nax311,,https://www.etoday.co.kr/news/view/2300783
2024,울산,동구,대왕암공원,nax307,,https://www.etoday.co.kr/news/view/2300783
2024,울산,북구,강동 오토캠핑장,ctmece69833,,https://www.etoday.co.kr/news/view/2300783
2024,전북,전주시,전주수목원,ro551,,https://www.etoday.co.kr/news/view/2300783
2024,전북,전주시,팔복예술공장,ro794,,https://www.etoday.co.kr/news/view/2300783
2024,전북,전주시,전주 한벽문화관,ctm22721a4a,,https://www.etoday.co.kr/news/view/2300783
2024,경남,창원시,여좌천,nax301,,https://www.etoday.co.kr/news/view/2300783
2024,경남,창원시,진해해양공원,nax778,,https://www.etoday.co.kr/news/view/2300783
2024,경남,창원시,창원의 집(역사민속관),ctt244,,https://www.etoday.co.kr/news/view/2300783
2024,강원,춘천시,삼악산 호수케이블카,ctt236,,https://www.etoday.co.kr/news/view/2300783
2024,강원,춘천시,김유정 레일바이크,ctm7f023950,,https://www.etoday.co.kr/news/view/2300783
2024,강원,춘천시,애니메이션박물관&토이로봇관,nax737,,https://www.etoday.co.kr/news/view/2300783
2024,경기,파주시,공릉관광지,ctmc7365e63,,https://www.etoday.co.kr/news/view/2300783
2024,경기,파주시,마장호수,nax604,,https://www.etoday.co.kr/news/view/2300783
2024,경기,파주시,임진각 관광지,ctt192,,https://www.etoday.co.kr/news/view/2300783
2025,경기,파주시,제3땅굴,ctm8ced69f6,,https://www.korea.kr/news/policyNewsView.do?newsId=148935724
2025,경기,파주시,도라전망대,ctm3bb0173f,,https://www.korea.kr/news/policyNewsView.do?newsId=148935724
2025,강원,춘천시,레고랜드,ro411,,https://www.korea.kr/news/policyNewsView.do?newsId=148935724
2025,강원,춘천시,김유정문학촌,nax233,,https://www.korea.kr/news/policyNewsView.do?newsId=148935724
2025,전북,정읍시,내장산국립공원 내장산지구,nax417,,https://www.korea.kr/news/policyNewsView.do?newsId=148935724
2025,전북,정읍시,정읍 구절초 지방정원,nax418,,https://www.korea.kr/news/policyNewsView.do?newsId=148935724
2025,경북,김천시,직지사 사명대사공원,ctma3e117e7,,https://www.korea.kr/news/policyNewsView.do?newsId=148935724
2025,경북,김천시,산내들오토캠핑장,ctm89835115,,https://www.korea.kr/news/policyNewsView.do?newsId=148935724
2025,경북,안동시,이육사문학관,nax1132,,https://www.korea.kr/news/policyNewsView.do?newsId=148935724
2025,경북,안동시,예움터마을,nax163,,https://www.korea.kr/news/policyNewsView.do?newsId=148935724
2025,경북,영주시,소수서원,nax220,,https://www.korea.kr/news/policyNewsView.do?newsId=148935724
2025,경북,영주시,선비촌,nax222,,https://www.korea.kr/news/policyNewsView.do?newsId=148935724
2025,경북,영주시,선비세상,ro630,,https://www.korea.kr/news/policyNewsView.do?newsId=148935724
2025,경북,상주시,상주국제승마장,ctm83c1c27c,,https://www.korea.kr/news/policyNewsView.do?newsId=148935724
2025,경북,상주시,경천섬,ro903,,https://www.korea.kr/news/policyNewsView.do?newsId=148935724
2025,경남,진주시,진주성,nax201,,https://www.korea.kr/news/policyNewsView.do?newsId=148935724
2025,경남,진주시,월아산 숲속의 진주,nax206,,https://www.korea.kr/news/policyNewsView.do?newsId=148935724
2025,경남,거제시,거제식물원,gz6,,https://www.korea.kr/news/policyNewsView.do?newsId=148935724
2025,경남,합천군,황매산군립공원,nax259,,https://www.korea.kr/news/policyNewsView.do?newsId=148935724
2025,경남,합천군,합천영상테마파크,nax258,,https://www.korea.kr/news/policyNewsView.do?newsId=148935724
2026,경기,가평군,자라섬,nax330,,https://v.daum.net/v/20251218162351473
2026,경기,가평군,쁘띠프랑스·이탈리아마을,nax329,,https://v.daum.net/v/20251218162351473
2026,경기,가평군,아침고요수목원,nax328,,https://v.daum.net/v/20251218162351473
2026,경기,김포시,애기봉 평화생태공원,ctmeb4d9e1f,,https://www.etoday.co.kr/news/view/2533308
2026,경기,김포시,함상공원,ctm13db9e44,,https://www.etoday.co.kr/news/view/2533308
2026,경기,수원시,화성행궁 (열린관광지 부문; 2020 기존 지점),nax23,,https://www.seoul.co.kr/news/publicnews/local_govern/2025/12/17/20251217500013
2026,강원,동해시,무릉별유천지,nax890,,https://www.kwnews.co.kr/page/view/2025120910393760899
2026,강원,동해시,무릉건강숲,rs418,,https://www.kwnews.co.kr/page/view/2025120910393760899
2026,강원,동해시,도째비골 스카이밸리&해랑전망대,nax12 ro169,,https://www.kwnews.co.kr/page/view/2025120910393760899
2026,강원,원주시,소금산그랜드밸리,nax516,,http://www.dtoday.co.kr/news/articleView.html?idxno=743178
2026,충북,청주시,청주랜드(우암어린이회관),nax1314,,https://www.inews365.com/news/article.html?no=898491
2026,충북,청주시,청주동물원 (2022 기존 지점),nax1314,,https://www.inews365.com/news/article.html?no=898491
2026,전북,정읍시,내장산 국민여가캠핑장,ctmff5df839,,https://www.gukjenews.com/news/articleView.html?idxno=3450410
2026,전북,정읍시,동학농민혁명기념공원,ctmf33bbd8d,,https://www.gukjenews.com/news/articleView.html?idxno=3450410
2026,전북,정읍시,정읍사문화공원,ro896,,https://www.gukjenews.com/news/articleView.html?idxno=3450410
2026,경북,포항시,보경사(템플스테이),nax229,,https://www.seoul.co.kr/news/society/health-welfare/2025/12/05/20251205500024
2026,경북,포항시,영일대해수욕장,nax225,,https://www.seoul.co.kr/news/society/health-welfare/2025/12/05/20251205500024
2026,경북,안동시,월영교·개목나루 일원 (열린관광지 플러스; 2024 기존 지점),nax159,,https://www.gukjenews.com/news/articleView.html?idxno=3449995
2026,경남,거창군,거창 수승대관광지,nax859,,https://www.sisajournal.com/news/articleView.html?idxno=355654
2026,경남,거창군,거창 창포원,nax1293,,https://www.sisajournal.com/news/articleView.html?idxno=355654
2026,경남,거창군,항노화힐링랜드,ro900,,https://www.sisajournal.com/news/articleView.html?idxno=355654
2026,경남,산청군,동의보감촌 (2018 기존 지점),nax1334,,https://www.viva100.com/article/20251208501275
2026,경남,합천군,정양늪생태공원,ctm116a8761,,https://www.viva100.com/article/20251208501275
2026,경남,합천군,정양레포츠공원,ctmd78cab77,,https://www.viva100.com/article/20251208501275
2026,경남,합천군,회양관광지,ctm574cfb26,,https://www.viva100.com/article/20251208501275
