id,city,lat,lng,reason,ko,en,zh,ja,es
ctm68c8432c,영동,,,영동전통시장은 충북 영동군(대전 시티투어 경유지로 들어와 도시가 대전이었다)
ctm1ddc83b8,영동,,,난계국악박물관은 충북 영동군 심천면(대전 시티투어 경유지)
ctmd3f5c3d0,금산,,,금산 인삼약령시장은 충남 금산군(대전 시티투어 경유지)
ctm53e8ca41,금산,,,칠백의총은 충남 금산군 금성면(대전 시티투어 경유지)
ctma9910ee7,옥천,,,육영수 생가는 충북 옥천군 옥천읍(대전 시티투어 경유지)
ctm12e9fdbb,옥천,,,정지용문학관은 충북 옥천군 옥천읍(대전 시티투어 경유지)
nax1513,화성,,,제부도 해상케이블카는 경기 화성시 서신면(원천 도시가 수원이었다)
nax785,,34.73120,128.62340,"여차몽돌해변 좌표 정정(기존 34.77175 · 128.63949, 근거 https://m.tripinfo.co.kr/info.html?content_id=126579&content_type_id=12)"
nax1018,,34.71975,128.46028,"비진도(비진도해수욕장) 좌표 정정(기존 34.70444 · 128.51528, 근거 https://www.tel-co.net/travel/spot/3102)"
ctmd66fde44,,35.39333,127.70500,"벽송사 좌표 정정(기존 35.637 · 127.768, 근거 https://ko.wikipedia.org/wiki/벽송사)"
nax1276,,35.24026,127.70120,"삼성궁 좌표 정정(기존 35.2664 · 127.6108, 근거 http://www.koreatriptips.com/location.html?mapX=127.7012028073&mapY=35.2402639341)"
ctm87ad7c4d,,38.08533,128.43299,"양양 오색리 삼층석탑 좌표 정정(기존 38.079 · 128.539, 근거 http://www.koreatriptips.com/location.html?mapX=128.4329900228&mapY=38.0853321059)"
nax1272,,35.16106,127.70935,"최참판댁 좌표 정정(기존 35.1361 · 127.7, 근거 http://www.koreatriptips.com/en/location.html?mapX=127.7093458150&mapY=35.1610563327)"
ctmce06961f,,36.93995,128.24783,"장회나루 좌표 정정(기존 36.9828 · 128.2238, 근거 https://www.koreatriptips.com/en/location.html?mapX=128.2478270670&mapY=36.9399470892)"
nax32,,37.15972,128.90139,"정암사 좌표 정정(기존 37.201 · 128.933, 근거 https://ko.wikipedia.org/wiki/정선_정암사_적멸보궁)"
ctmdbe116ec,,38.17440,128.61047,"속초 설악해맞이공원 좌표 정정(기존 38.1572 · 128.6071, 근거 web)"
ctmc7365e63,,37.74591,126.82911,"파주 공릉관광지(파주 삼릉) 좌표 정정(기존 37.747 · 126.809, 근거 한국관광공사 관광정보 · 위키백과)"
nax939,,35.18104,128.82914,"김해롯데워터파크 좌표 정정(기존 35.21133 · 128.80643 구글 지오코딩 오차, 근거 한국관광공사 관광정보 장유로 555)"
rs284,,,,"공식 이름은 주왕산온천관광호텔(청송솔기온천을 함께 운영, 디지털청송문화대전)",주왕산온천관광호텔,Juwangsan Oncheon Tourist Hotel,周王山温泉观光酒店,周王山温泉観光ホテル,Hotel Turístico Termal Juwangsan
rs119,,,,"관광공사 숙박 이름 「정선랜드」는 운영사 정선랜드(주) 이름. 시설 이름은 하이캐슬리조트(하이원길 202, 사북1길의 정선 랜드호텔과 다른 곳)",하이캐슬리조트,High Castle Resort,High Castle度假村,ハイキャッスルリゾート,High Castle Resort
ctmd23ae914,,38.38911,128.40214,위키백과 좌표(고성 육송정 홍교) — 주소로 짐작한 대략 위치를 바로잡음,,,,,
ctm589ee730,,36.25972,127.07333,위키백과 좌표(논산 노강서원) — 주소로 짐작한 대략 위치를 바로잡음,,,,,
ctmc5e924e4,,37.05417,128.41778,위키백과 좌표(단양 향산리 삼층석탑) — 주소로 짐작한 대략 위치를 바로잡음,,,,,
ctmddf3e1f2,,35.21669,126.98433,위키백과 좌표(창평향교(대성전)) — 주소로 짐작한 대략 위치를 바로잡음,,,,,
ctm70b3dc87,,35.29417,127.80583,위키백과 좌표(산청 대포리 삼층석탑) — 주소로 짐작한 대략 위치를 바로잡음,,,,,
ctm1c8e9772,,36.43778,128.08056,위키백과 좌표(상주 북장사(목조삼전패 소장처)) — 주소로 짐작한 대략 위치를 바로잡음,,,,,
ctm8e21345c,,36.43306,129.05556,위키백과 좌표(청송 찬경루) — 주소로 짐작한 대략 위치를 바로잡음,,,,,
ctm2ca63e75,,36.37583,126.77028,위키백과 좌표(청양 운장암(금동보살좌상 소장처)) — 주소로 짐작한 대략 위치를 바로잡음,,,,,
ctm81852673,,38.17305,128.48907,관광공사 좌표(설악산 케이블카) — 주소로 짐작한 대략 위치를 바로잡음,,,,,
ctm9b0e49af,,37.48839,126.80196,관광공사 좌표(석왕사(경기)) — 주소로 짐작한 대략 위치를 바로잡음,,,,,
ctm2f834dbc,,36.62858,127.53612,관광공사 좌표(보살사(청주)) — 주소로 짐작한 대략 위치를 바로잡음,,,,,
ctm17685af7,,35.94528,128.77861,위키백과 좌표(경산 불굴사 삼층석탑 (same temple)) — 주소로 짐작한 대략 위치를 바로잡음,,,,,
ctm43ef093e,,35.79028,129.32194,위키백과 좌표(경주 마동 삼층석탑) — 주소로 짐작한 대략 위치를 바로잡음,,,,,
ctm72907e31,,35.72728,128.26567,위키백과 좌표(고령 지산리 당간지주) — 주소로 짐작한 대략 위치를 바로잡음,,,,,
ctme3f38c5a,,35.23222,127.38667,위키백과 좌표(구례 논곡리 삼층석탑) — 주소로 짐작한 대략 위치를 바로잡음,,,,,
ctm572a3df8,,35.89000,128.00278,위키백과 좌표(김천 청암사 보광전 (same temple; 수도암 is separate hermitage ~3km S)) — 주소로 짐작한 대략 위치를 바로잡음,,,,,
ctm6f1b7661,,35.04056,126.88306,위키백과 좌표(나주 죽림사 (극락보전/세존괘불탱 articles)) — 주소로 짐작한 대략 위치를 바로잡음,,,,,
ctm81dde8a1,,36.88570,126.69107,위키백과 좌표(당진 신암사 금동여래좌상 (same temple)) — 주소로 짐작한 대략 위치를 바로잡음,,,,,
ctmfeacf8f6,,36.37297,127.45100,위키백과 좌표(비래사 (대전 대덕구)) — 주소로 짐작한 대략 위치를 바로잡음,,,,,
ctm171ce834,,35.25389,129.05444,위키백과 좌표(부산 국청사 청동북 (same temple)) — 주소로 짐작한 대략 위치를 바로잡음,,,,,
ctmf0c46305,,36.23528,126.94694,위키백과 좌표(부여 장하리 삼층석탑) — 주소로 짐작한 대략 위치를 바로잡음,,,,,
ctme0ae1ae4,,36.44500,128.22361,위키백과 좌표(상주 화달리 삼층석탑) — 주소로 짐작한 대략 위치를 바로잡음,,,,,
ctmb14a05e1,,36.01564,128.29906,위키백과 좌표(성주 선석사 대웅전 (same temple)) — 주소로 짐작한 대략 위치를 바로잡음,,,,,
ctmefd375fe,,36.76139,127.01583,위키백과 좌표(아산 읍내동 당간지주) — 주소로 짐작한 대략 위치를 바로잡음,,,,,
ctm8683592f,,36.65778,128.66778,위키백과 좌표(안동 개목사 원통전 (same temple)) — 주소로 짐작한 대략 위치를 바로잡음,,,,,
ctm2d972a4d,,36.93972,127.30694,위키백과 좌표(안성 석남사 영산전 (same temple)) — 주소로 짐작한 대략 위치를 바로잡음,,,,,
ctm2492004b,,34.82944,126.73250,위키백과 좌표(영암 영보정) — 주소로 짐작한 대략 위치를 바로잡음,,,,,
ctme10362db,,36.64694,129.17000,위키백과 좌표(영양 화천리 삼층석탑) — 주소로 짐작한 대략 위치를 바로잡음,,,,,
ctma3d23386,,36.03972,128.71806,위키백과 좌표(영천 수도사 노사나불괘불탱 (same temple)) — 주소로 짐작한 대략 위치를 바로잡음,,,,,
ctm91d916fc,,36.75417,126.68000,위키백과 좌표(예산 화전리 석조사면불상) — 주소로 짐작한 대략 위치를 바로잡음,,,,,
ctm3c15ee99,,36.74750,128.51583,위키백과 좌표(예천 한천사 삼층석탑 (same temple)) — 주소로 짐작한 대략 위치를 바로잡음,,,,,
ctmc15783c3,,36.32944,127.55583,위키백과 좌표(옥천 이지당) — 주소로 짐작한 대략 위치를 바로잡음,,,,,
ctm8009fe26,,35.48709,129.43608,위키백과 좌표(울산 등용사 현수제승법수 (same temple)) — 주소로 짐작한 대략 위치를 바로잡음,,,,,
ctma3763e66,,37.75111,126.43750,위키백과 좌표(강화 백련사 철조아미타여래좌상 (same temple)) — 주소로 짐작한 대략 위치를 바로잡음,,,,,
ctmc1dab85e,,34.69389,126.95389,위키백과 좌표(장흥 묘덕사 불정심관세음보살대다라니경 (same temple)) — 주소로 짐작한 대략 위치를 바로잡음,,,,,
ctm9956863a,,37.00306,128.17306,위키백과 좌표(제천 물태리 석조여래입상) — 주소로 짐작한 대략 위치를 바로잡음,,,,,
ctm48671a2a,,34.53722,126.29306,위키백과 좌표(진도 금골산 오층석탑) — 주소로 짐작한 대략 위치를 바로잡음,,,,,
ctmefa28f68,,36.83528,127.55139,위키백과 좌표(진천 영수사 영산회괘불탱 (same temple)) — 주소로 짐작한 대략 위치를 바로잡음,,,,,
ctm7fa34b36,,35.71583,128.71972,위키백과 좌표(청도 대적사 극락전 (same temple)) — 주소로 짐작한 대략 위치를 바로잡음,,,,,
ctm89287cfa,,35.64944,128.70833,위키백과 좌표(청도 석빙고) — 주소로 짐작한 대략 위치를 바로잡음,,,,,
ctm256b7abd,,36.96944,127.92917,위키백과 좌표(충주 철조여래좌상 (enshrined at 충주 대원사)) — 주소로 짐작한 대략 위치를 바로잡음,,,,,
ctm3f601a70,,36.06906,129.16875,위키백과 좌표(포항 분옥정) — 주소로 짐작한 대략 위치를 바로잡음,,,,,
ctm9a650d61,,35.70000,127.93250,위키백과 좌표(거창 양평리 석조여래입상 (위키백과)) — 주소로 짐작한 대략 위치를 바로잡음,,,,,
ctme693c349,,35.76500,129.22111,위키백과 좌표(경주 남산 천룡사지 삼층석탑 (위키백과)) — 주소로 짐작한 대략 위치를 바로잡음,,,,,
ctm17e4e9cd,,35.82500,129.18944,위키백과 좌표(경주 서악동 귀부 (위키백과)) — 주소로 짐작한 대략 위치를 바로잡음,,,,,
ctm0e3fab9e,,37.69694,126.76667,위키백과 좌표(고양 원각사 육경합부 (위키백과; 같은 사찰 소장 보물)) — 주소로 짐작한 대략 위치를 바로잡음,,,,,
ctm5c184c5b,,34.91244,126.80244,위키백과 좌표(나주 운흥사 석장승 (위키백과; 같은 사찰 입구 문화유산)) — 주소로 짐작한 대략 위치를 바로잡음,,,,,
ctmb951176b,,35.44306,127.62000,위키백과 좌표(남원 실상사 백장암 삼층석탑 (위키백과; 같은 암자 국보)) — 주소로 짐작한 대략 위치를 바로잡음,,,,,
ctm8f346d4d,,35.41056,127.41250,위키백과 좌표(남원 용담사지 칠층석탑 (위키백과; 같은 절터)) — 주소로 짐작한 대략 위치를 바로잡음,,,,,
ctm95fab164,,35.88139,128.39722,위키백과 좌표(달성 하목정 (위키백과)) — 주소로 짐작한 대략 위치를 바로잡음,,,,,
ctm575b55d8,,35.18500,129.01306,위키백과 좌표(운수사 대웅전 (위키백과)) — 주소로 짐작한 대략 위치를 바로잡음,,,,,
ctmed37e800,,36.15611,126.79694,위키백과 좌표(부여 오덕사 괘불탱 (위키백과)) — 주소로 짐작한 대략 위치를 바로잡음,,,,,
ctmee8ea227,,35.30750,127.95778,위키백과 좌표(산청 단성향교 (위키백과; 명륜당이 속한 향교)) — 주소로 짐작한 대략 위치를 바로잡음,,,,,
ctm7064d305,,36.36444,128.22833,위키백과 좌표(상주 양진당 (위키백과)) — 주소로 짐작한 대략 위치를 바로잡음,,,,,
ctm832be8e6,,36.77881,126.58962,위키백과 좌표(문수사 (서산시) (위키백과)) — 주소로 짐작한 대략 위치를 바로잡음,,,,,
ctmff77a873,,36.14917,126.59972,위키백과 좌표(서천 성북리 오층석탑 (위키백과)) — 주소로 짐작한 대략 위치를 바로잡음,,,,,
ctmbec11ba0,,35.80333,128.14694,위키백과 좌표(성주 법수사지 삼층석탑 (위키백과; 같은 절터)) — 주소로 짐작한 대략 위치를 바로잡음,,,,,
ctm50b2a8ec,,35.80064,128.13586,위키백과 좌표(심원사 (성주군) (위키백과)) — 주소로 짐작한 대략 위치를 바로잡음,,,,,
ctm8ffc6e53,,36.57417,128.58028,위키백과 좌표(안동 예안이씨 충효당 (위키백과)) — 주소로 짐작한 대략 위치를 바로잡음,,,,,
ctmb4d97f90,,36.48222,128.63528,위키백과 좌표(안동 조탑리 오층전탑 (위키백과)) — 주소로 짐작한 대략 위치를 바로잡음,,,,,
ctmabd91e53,,37.00500,127.27500,위키백과 좌표(안성객사 (위키백과)) — 주소로 짐작한 대략 위치를 바로잡음,,,,,
ctmc23e322b,,35.40417,129.13083,위키백과 좌표(양산 미타암 석조아미타여래입상 (위키백과; 같은 암자 보물)) — 주소로 짐작한 대략 위치를 바로잡음,,,,,
ctm9d835b30,,37.71000,126.99028,위키백과 좌표(양주 송암사 육경합부 (위키백과; 같은 사찰 소장 보물)) — 주소로 짐작한 대략 위치를 바로잡음,,,,,
ctm4de89c22,,34.76083,126.58500,위키백과 좌표(영암 엄길리 암각 매향명 (위키백과)) — 주소로 짐작한 대략 위치를 바로잡음,,,,,
ctmbb714e37,,36.67833,126.66778,위키백과 좌표(예산 삽교읍 석조보살입상 (위키백과)) — 주소로 짐작한 대략 위치를 바로잡음,,,,,
ctm9afcd170,,36.77778,128.37639,위키백과 좌표(명봉사 (위키백과)) — 주소로 짐작한 대략 위치를 바로잡음,,,,,
ctm721d98b1,,36.70528,128.43833,위키백과 좌표(예천 야옹정 (위키백과)) — 주소로 짐작한 대략 위치를 바로잡음,,,,,
ctmc4fe9837,,36.10833,127.30278,위키백과 좌표(완주 안심사 금강계단 (위키백과; 같은 사찰 보물)) — 주소로 짐작한 대략 위치를 바로잡음,,,,,
ctmfc4af8a1,,35.93806,126.95167,위키백과 좌표(관음사 (익산시) (위키백과)) — 주소로 짐작한 대략 위치를 바로잡음,,,,,
ctm358d1c89,,37.78139,126.42444,위키백과 좌표(강화 장정리 석조여래입상 (위키백과)) — 주소로 짐작한 대략 위치를 바로잡음,,,,,
ctm7a085806,,37.77990,126.41991,위키백과 좌표(강화 장정리 오층석탑 (위키백과 인천 문화재 목록)) — 주소로 짐작한 대략 위치를 바로잡음,,,,,
ctm59fef2bc,,35.55917,126.77722,위키백과 좌표(정읍 보화리 석조이불입상 (위키백과)) — 주소로 짐작한 대략 위치를 바로잡음,,,,,
ctm900e46db,,35.74639,127.34500,위키백과 좌표(진안 수선루 (위키백과)) — 주소로 짐작한 대략 위치를 바로잡음,,,,,
ctmd807e3f0,,35.16722,128.32833,위키백과 좌표(진주 용암사지 석조지장보살좌상 (위키백과; 같은 절터)) — 주소로 짐작한 대략 위치를 바로잡음,,,,,
ctm220e526f,,35.29668,128.05853,위키백과 좌표(진주 응석사 목조석가여래삼불좌상 (위키백과; 같은 사찰 보물)) — 주소로 짐작한 대략 위치를 바로잡음,,,,,
ctm73b939fa,,36.83986,127.33972,위키백과 좌표(진천 연곡리 석비 (위키백과)) — 주소로 짐작한 대략 위치를 바로잡음,,,,,
ctm1c0a3e29,,35.54250,128.49806,위키백과 좌표(창녕 석빙고 (위키백과)) — 주소로 짐작한 대략 위치를 바로잡음,,,,,
ctmd36efa45,,36.73056,127.09056,위키백과 좌표(천안 삼태리 마애여래입상 (ko.wikipedia)) — 주소로 짐작한 대략 위치를 바로잡음,,,,,
ctmafdcd9e5,,35.61308,128.73778,위키백과 좌표(청도 적천사 대웅전 (ko.wikipedia; same temple)) — 주소로 짐작한 대략 위치를 바로잡음,,,,,
ctm35414849,,37.10333,127.92667,위키백과 좌표(충주 억정사지 대지국사탑비 (ko.wikipedia; same site)) — 주소로 짐작한 대략 위치를 바로잡음,,,,,
ctmf8518bc9,,37.51833,127.20861,위키백과 좌표(하남 교산동 마애약사여래좌상 (ko.wikipedia; at 선법사)) — 주소로 짐작한 대략 위치를 바로잡음,,,,,
ctm756fa98f,,35.24750,128.30083,위키백과 좌표(함안 방어산 마애약사여래삼존입상 (ko.wikipedia)) — 주소로 짐작한 대략 위치를 바로잡음,,,,,
ctm91d254d3,,35.38500,127.65500,위키백과 좌표(함양 덕전리 마애여래입상 (ko.wikipedia)) — 주소로 짐작한 대략 위치를 바로잡음,,,,,
ctm9694857a,,35.79650,128.09522,위키백과 좌표(합천 반야사지 원경왕사비 (ko.wikipedia; same site)) — 주소로 짐작한 대략 위치를 바로잡음,,,,,
ctm12cea11f,,34.69111,126.30972,위키백과 좌표(해남 서동사 동백나무·비자나무 숲 (ko.wikipedia; same temple)) — 주소로 짐작한 대략 위치를 바로잡음,,,,,
ctm4b9fc6b8,,36.60369,126.66803,위키백과 좌표(홍성 오관리 당간지주 (ko.wikipedia)) — 주소로 짐작한 대략 위치를 바로잡음,,,,,
ctme166e87a,,37.69419,127.88833,위키백과 좌표(홍천 괘석리 사사자 삼층석탑 (ko.wikipedia)) — 주소로 짐작한 대략 위치를 바로잡음,,,,,
ctmbb736ef0,,37.56589,126.97369,위키백과 좌표(국립현대미술관 덕수궁관 (ko.wikipedia)) — 주소로 짐작한 대략 위치를 바로잡음,,,,,
ctm34b6e439,,37.58111,126.96556,위키백과 좌표(박노수 가옥 (ko.wikipedia; 박노수미술관 building)) — 주소로 짐작한 대략 위치를 바로잡음,,,,,
ctmedc4f35b,,36.65558,127.49022,위키백과 좌표(국립현대미술관 청주관 (ko.wikipedia)) — 주소로 짐작한 대략 위치를 바로잡음,,,,,
ctm44440bab,,35.16669,129.13703,위키백과 좌표(부산시립미술관 (ko.wikipedia / visitbusan)) — 주소로 짐작한 대략 위치를 바로잡음,,,,,
ctm29804866,,35.81600,127.15134,위키백과 좌표(최명희 문학관 (ko.wikipedia)) — 주소로 짐작한 대략 위치를 바로잡음,,,,,
ctm37420295,,37.59361,126.99167,위키백과 좌표(심우장 (ko.wikipedia)) — 주소로 짐작한 대략 위치를 바로잡음,,,,,
ctm5659abd8,,34.64194,126.76500,위키백과 좌표(강진 영랑생가 (ko.wikipedia)) — 주소로 짐작한 대략 위치를 바로잡음,,,,,
ctm10a688f8,,35.14917,126.79500,위키백과 좌표(용아생가 (ko.wikipedia)) — 주소로 짐작한 대략 위치를 바로잡음,,,,,
ctm5e2d2892,,35.45667,128.53806,위키백과 좌표(창녕 영산 석빙고 - 위키백과) — 주소로 짐작한 대략 위치를 바로잡음,,,,,
ctm8f3d36b0,,37.11472,127.92083,위키백과 좌표(충주 백운암 철조여래좌상 - 위키백과 (same temple)) — 주소로 짐작한 대략 위치를 바로잡음,,,,,
ctma1e84ade,,37.75417,126.86444,위키백과 좌표(파주 용미리 마애이불입상 - 위키백과) — 주소로 짐작한 대략 위치를 바로잡음,,,,,
ctm2217f5bc,,35.52472,127.73056,위키백과 좌표(함양 교산리 석조여래좌상 - 위키백과) — 주소로 짐작한 대략 위치를 바로잡음,,,,,
ctm8038f5ff,,35.03083,126.59306,위키백과 좌표(함평 고막천 석교 - 위키백과) — 주소로 짐작한 대략 위치를 바로잡음,,,,,
ctm89fb7715,,35.79694,128.09583,위키백과 좌표(합천 치인리 마애여래입상 - 위키백과) — 주소로 짐작한 대략 위치를 바로잡음,,,,,
ctmdc4940f2,,36.64944,126.65333,위키백과 좌표(홍성 신경리 마애여래입상 - 위키백과) — 주소로 짐작한 대략 위치를 바로잡음,,,,,
ctma6b533f0,,36.65000,126.65556,위키백과 좌표(홍성 용봉사 영산회괘불탱 - 위키백과 (same temple)) — 주소로 짐작한 대략 위치를 바로잡음,,,,,
ctm35ae5b8d,,37.78611,128.14667,"위키백과 좌표(홍천 물걸리 석조비로자나불좌상 - 위키백과 (same site, 물걸리사지)) — 주소로 짐작한 대략 위치를 바로잡음",,,,,
ctmdeefdf21,,37.43094,127.01986,위키백과 좌표(국립현대미술관 - 위키백과 (과천관)) — 주소로 짐작한 대략 위치를 바로잡음,,,,,
ctma838b0ec,,34.64219,126.76594,위키백과 좌표(시문학파기념관 - 위키백과) — 주소로 짐작한 대략 위치를 바로잡음,,,,,
ctmc380668c,,38.44085,128.45475,공개 자료 좌표(거진1리해수욕장) — 주소로 짐작한 대략 위치를 바로잡음,,,,,
ctm6c30e953,,38.30221,128.54562,공개 자료 좌표(백도해수욕장) — 주소로 짐작한 대략 위치를 바로잡음,,,,,
ctm32dec237,,38.02781,128.71755,관광공사 좌표(중광정해수욕장) — 주소로 짐작한 대략 위치를 바로잡음,,,,,
ctm044a45e9,,37.81678,128.89307,공개 자료 좌표(순긋해수욕장) — 주소로 짐작한 대략 위치를 바로잡음,,,,,
ctm8f33167f,,37.76387,128.95432,공개 자료 좌표(남항진해수욕장) — 주소로 짐작한 대략 위치를 바로잡음,,,,,
ctm4a63e748,,37.46389,129.17590,공개 자료 좌표(작은후진해수욕장) — 주소로 짐작한 대략 위치를 바로잡음,,,,,
ctm1146a7fe,,36.13200,129.39930,위키백과 좌표(칠포해수욕장) — 주소로 짐작한 대략 위치를 바로잡음,,,,,
ctmcf2e7ec3,,37.12892,129.36249,공개 자료 좌표(나곡해수욕장) — 주소로 짐작한 대략 위치를 바로잡음,,,,,
ctmc780be02,,34.63087,127.79248,공개 자료 좌표(방죽포해수욕장) — 주소로 짐작한 대략 위치를 바로잡음,,,,,
ctmebb81c48,,33.22811,126.30848,공개 자료 좌표(사계해변) — 주소로 짐작한 대략 위치를 바로잡음,,,,,
ctm6007f67a,,37.85507,127.48141,공개 자료 좌표(용추계곡) — 주소로 짐작한 대략 위치를 바로잡음,,,,,
ctm044b9eab,,35.87111,128.11583,위키백과 좌표(포천계곡) — 주소로 짐작한 대략 위치를 바로잡음,,,,,
ctm5be31c4d,,38.49476,128.42874,공개 자료 좌표(대진5리해수욕장) — 주소로 짐작한 대략 위치를 바로잡음,,,,,
ctmbba397ca,,38.44426,128.45519,공개 자료 좌표(거진11리해수욕장) — 주소로 짐작한 대략 위치를 바로잡음,,,,,
ctm47c9ce84,,38.30948,128.54286,공개 자료 좌표(자작도해수욕장) — 주소로 짐작한 대략 위치를 바로잡음,,,,,
ctm176f1386,,38.29499,128.54892,공개 자료 좌표(문암2리해수욕장) — 주소로 짐작한 대략 위치를 바로잡음,,,,,
ctm8b112996,,38.27628,128.55312,공개 자료 좌표(아야진해수욕장) — 주소로 짐작한 대략 위치를 바로잡음,,,,,
ctm4f18d7d2,,37.47464,129.16062,공개 자료 좌표(증산해수욕장) — 주소로 짐작한 대략 위치를 바로잡음,,,,,
ctm443957c8,,34.64473,127.61041,공개 자료 좌표(장등해수욕장) — 주소로 짐작한 대략 위치를 바로잡음,,,,,
ctm5e6c542a,,34.43182,127.49304,관광공사 좌표(염포해수욕장) — 주소로 짐작한 대략 위치를 바로잡음,,,,,
ctmb800f247,,34.75126,125.89561,공개 자료 좌표(하트해수욕장) — 주소로 짐작한 대략 위치를 바로잡음,,,,,
ctmf564a578,,35.60423,126.28359,공개 자료 좌표(위도해수욕장) — 주소로 짐작한 대략 위치를 바로잡음,,,,,
ctm22a332e9,,36.61363,126.28878,공개 자료 좌표(마검포해수욕장) — 주소로 짐작한 대략 위치를 바로잡음,,,,,
ctmdcb3134a,,36.75297,126.13104,공개 자료 좌표(어은돌해수욕장) — 주소로 짐작한 대략 위치를 바로잡음,,,,,
ctmd6c1266e,,33.23958,126.33384,공개 자료 좌표(화순금모래해수욕장) — 주소로 짐작한 대략 위치를 바로잡음,,,,,
ctm6e86f78d,,33.51413,126.95860,공개 자료 좌표(하고수동해수욕장) — 주소로 짐작한 대략 위치를 바로잡음,,,,,
ctm70942415,,38.16333,128.46556,위키백과 좌표(천불동계곡) — 주소로 짐작한 대략 위치를 바로잡음,,,,,
ctmc9ce38fb,,36.66917,127.81194,위키백과 좌표(화양구곡) — 주소로 짐작한 대략 위치를 바로잡음,,,,,
ctm5c10e653,,36.03967,128.71799,관광공사 좌표(치산계곡) — 주소로 짐작한 대략 위치를 바로잡음,,,,,
ctm7e1b8d9c,,35.98322,126.72040,관광공사 좌표(군산공설시장) — 주소로 짐작한 대략 위치를 바로잡음,,,,,
ctmb50c3c56,,35.27976,127.29846,관광공사 좌표(곡성기차마을전통시장) — 주소로 짐작한 대략 위치를 바로잡음,,,,,
ctm2ef2dd12,,35.20574,128.57344,관광공사 좌표(마산부림시장) — 주소로 짐작한 대략 위치를 바로잡음,,,,,
ctme822f688,,37.76155,128.90561,관광공사 좌표(강릉 ING 게스트하우스) — 주소로 짐작한 대략 위치를 바로잡음,,,,,
ctmdae0723d,,37.55001,127.00048,관광공사 좌표(반얀트리 클럽 앤 스파 서울) — 주소로 짐작한 대략 위치를 바로잡음,,,,,
ctme6c64706,,37.55983,126.97950,공개 자료 좌표(레스케이프 서울 명동) — 주소로 짐작한 대략 위치를 바로잡음,,,,,
ctmf9b3a9e4,,37.51408,127.03588,공개 자료 좌표(그랜드 머큐어 임피리얼 팰리스 서울 강남) — 주소로 짐작한 대략 위치를 바로잡음,,,,,
ctm13154757,,36.53418,127.82533,관광공사 좌표(레이크힐스 호텔 속리산) — 주소로 짐작한 대략 위치를 바로잡음,,,,,
ctm01935d7c,,35.40813,127.41447,관광공사 좌표(스위트호텔 남원) — 주소로 짐작한 대략 위치를 바로잡음,,,,,
ctmb9faece9,,35.14875,129.06528,공개 자료 좌표(아바니 센트럴 부산) — 주소로 짐작한 대략 위치를 바로잡음,,,,,
ctm64385873,,35.82405,128.61904,공개 자료 좌표(호텔수성) — 주소로 짐작한 대략 위치를 바로잡음,,,,,
ctm511b691f,,36.37826,129.11012,관광공사 좌표(소노벨 청송) — 주소로 짐작한 대략 위치를 바로잡음,,,,,
ctmf9d27d06,,34.77701,127.85685,관광공사 좌표(아난티 남해) — 주소로 짐작한 대략 위치를 바로잡음,,,,,
ctm29452862,,37.86731,127.71789,관광공사 좌표(춘천풍물시장) — 주소로 짐작한 대략 위치를 바로잡음,,,,,
ctm8b4b9e91,,37.12947,128.20689,관광공사 좌표(역전한마음시장) — 주소로 짐작한 대략 위치를 바로잡음,,,,,
ctme902f821,,33.41609,126.26494,관광공사 좌표(한림민속오일시장) — 주소로 짐작한 대략 위치를 바로잡음,,,,,
ctm121519bc,,33.51138,126.51798,관광공사 좌표(서문공설시장) — 주소로 짐작한 대략 위치를 바로잡음,,,,,
ctm872b7974,,37.77750,128.87957,관광공사 좌표(강릉오죽한옥마을) — 주소로 짐작한 대략 위치를 바로잡음,,,,,
ctm40d77d8b,,37.56467,126.97791,관광공사 좌표(더 플라자 서울) — 주소로 짐작한 대략 위치를 바로잡음,,,,,
ctmca0f564c,,34.67107,127.09051,관광공사 좌표(보성다비치콘도) — 주소로 짐작한 대략 위치를 바로잡음,,,,,
ctm58afcb77,,35.53749,129.32926,관광공사 좌표(신라스테이 울산) — 주소로 짐작한 대략 위치를 바로잡음,,,,,
ctm9e3696d6,,35.55111,129.29389,위키백과 좌표(태화종합시장) — 주소로 짐작한 대략 위치를 바로잡음,,,,,
ctm8322f35a,,37.56026,127.00606,관광공사 좌표(평안도족발집) — 주소로 짐작한 대략 위치를 바로잡음,,,,,
ctm17a2b9fc,,37.54754,126.94554,관광공사 좌표(을밀대) — 주소로 짐작한 대략 위치를 바로잡음,,,,,
ctm4fc21346,,37.01275,127.25589,관광공사 좌표(안일옥 본점) — 주소로 짐작한 대략 위치를 바로잡음,,,,,
ctm36bc6fce,,35.15570,129.05856,관광공사 좌표(송정3대국밥) — 주소로 짐작한 대략 위치를 바로잡음,,,,,
ctm28283996,,37.51008,127.12621,관광공사 좌표(벽제갈비 방이점) — 주소로 짐작한 대략 위치를 바로잡음,,,,,
ctmbf6c4557,,36.03835,129.36472,관광공사 좌표(시민제과) — 주소로 짐작한 대략 위치를 바로잡음,,,,,
ctmf2a0b7b5,,37.54561,128.06704,관광공사 좌표(횡성호수길 5구간) — 주소로 짐작한 대략 위치를 바로잡음,,,,,
ctmbae5e320,,35.08655,126.44191,관광공사 좌표(돌머리해수욕장) — 주소로 짐작한 대략 위치를 바로잡음,,,,,
ctm89835115,,35.97801,128.01189,관광공사 좌표(산내들오토캠핑장) — 주소로 짐작한 대략 위치를 바로잡음,,,,,
ctm2a4609db,,35.31314,128.25625,관광공사 좌표(의령 구름다리) — 주소로 짐작한 대략 위치를 바로잡음,,,,,
ctm5e7f006d,,35.38022,128.25167,위키백과 좌표(의령 수도사) — 주소로 짐작한 대략 위치를 바로잡음,,,,,
ctm418e1178,,38.16028,128.50222,위키백과 좌표(비룡폭포) — 주소로 짐작한 대략 위치를 바로잡음,,,,,
ctm57ab7dd3,,38.16333,128.46556,위키백과 좌표(비선대) — 주소로 짐작한 대략 위치를 바로잡음,,,,,
ctm168c54e2,,35.22241,126.51551,관광공사 좌표(불갑저수지 수변공원) — 주소로 짐작한 대략 위치를 바로잡음,,,,,
ctmc37e2700,,37.34556,126.69333,위키백과 좌표(오이도 선사유적공원) — 주소로 짐작한 대략 위치를 바로잡음,,,,,
ctm31770166,,35.31379,128.29530,위키백과 좌표(정암루·솥바위) — 주소로 짐작한 대략 위치를 바로잡음,,,,,
ctm39ef68ce,,37.64844,128.68553,관광공사 좌표(용평스키장(모나파크)) — 주소로 짐작한 대략 위치를 바로잡음,,,,,
ctma3869912,,35.45417,128.34972,위키백과 좌표(백산 안희제 생가) — 주소로 짐작한 대략 위치를 바로잡음,,,,,
ctm6da14e9e,,37.33694,127.29361,위키백과 좌표(곤지암리조트 스키장) — 주소로 짐작한 대략 위치를 바로잡음,,,,,
ctm5a741543,,38.21331,128.60037,관광공사 좌표(속초등대전망대) — 주소로 짐작한 대략 위치를 바로잡음,,,,,
ctmd21b84f0,,37.89765,128.83393,위키백과 좌표(주문진 등대) — 주소로 짐작한 대략 위치를 바로잡음,,,,,
ctmfba92f06,,34.42838,127.16196,해안선 보정(익금해수욕장) — 바다 위에 찍힌 좌표를 가장 가까운 해안 육지로 옮김,,,,,
ctm4df8c782,,35.01036,128.61506,해안선 보정(옥계해수욕장) — 바다 위에 찍힌 좌표를 가장 가까운 해안 육지로 옮김,,,,,
ctmeb4d9e1f,,37.75363,126.57565,해안선 보정(애기봉평화생태공원) — 바다 위에 찍힌 좌표를 가장 가까운 해안 육지로 옮김,,,,,
ctm65c7ccde,,34.17263,126.61334,해안선 보정(진산해수욕장) — 바다 위에 찍힌 좌표를 가장 가까운 해안 육지로 옮김,,,,,
ctmbed29490,,34.42205,126.34665,해안선 보정(가계해수욕장) — 바다 위에 찍힌 좌표를 가장 가까운 해안 육지로 옮김,,,,,
ctm3f3ed1b0,,37.04238,129.41357,해안선 보정(후정해수욕장) — 바다 위에 찍힌 좌표를 가장 가까운 해안 육지로 옮김,,,,,
ctm9b915637,,35.70974,129.47618,해안선 보정(관성솔밭해변) — 바다 위에 찍힌 좌표를 가장 가까운 해안 육지로 옮김,,,,,
ctm879b63b6,,36.20023,129.37179,해안선 보정(사방기념공원) — 바다 위에 찍힌 좌표를 가장 가까운 해안 육지로 옮김,,,,,
ctmece69833,,35.63012,129.44129,해안선 보정(강동 오토캠핑장) — 바다 위에 찍힌 좌표를 가장 가까운 해안 육지로 옮김,,,,,
ctm47e14969,,34.19172,126.84815,해안선 보정(지리청송해수욕장) — 바다 위에 찍힌 좌표를 가장 가까운 해안 육지로 옮김,,,,,
ctm642df500,,34.14380,126.56707,해안선 보정(통리해수욕장) — 바다 위에 찍힌 좌표를 가장 가까운 해안 육지로 옮김,,,,,
ctm57389bf4,,37.63540,129.04603,해안선 보정(금진해수욕장) — 바다 위에 찍힌 좌표를 가장 가까운 해안 육지로 옮김,,,,,
ctmf6a7bc91,,34.29115,126.01569,해안선 보정(신전해수욕장) — 바다 위에 찍힌 좌표를 가장 가까운 해안 육지로 옮김,,,,,
nax1157,,34.74342,127.66576,해안선 보정(웅천친수공원) — 바다 위에 찍힌 좌표를 가장 가까운 해안 육지로 옮김,,,,,
ctm4ee40bb7,,35.03797,126.35626,해안선 보정(조금나루해수욕장) — 바다 위에 찍힌 좌표를 가장 가까운 해안 육지로 옮김,,,,,
ctm58b44409,,37.37239,129.25201,해안선 보정(덕산해수욕장) — 바다 위에 찍힌 좌표를 가장 가까운 해안 육지로 옮김,,,,,
ctmb8741d0a,,37.53819,126.34615,해안선 보정(옹암해수욕장) — 바다 위에 찍힌 좌표를 가장 가까운 해안 육지로 옮김,,,,,
ctmd87f1b5f,,35.03340,128.69030,해안선 보정(구영해수욕장) — 바다 위에 찍힌 좌표를 가장 가까운 해안 육지로 옮김,,,,,
jdx49,,33.55167,126.83029,해안선 보정(평대해변) — 바다 위에 찍힌 좌표를 가장 가까운 해안 육지로 옮김,,,,,
ctme68c9e2f,,36.32738,126.51045,해안선 보정(대천항수산시장) — 바다 위에 찍힌 좌표를 가장 가까운 해안 육지로 옮김,,,,,
ctme214f6b1,,37.82760,128.88132,해안선 보정(순포습지) — 바다 위에 찍힌 좌표를 가장 가까운 해안 육지로 옮김,,,,,
ctm4cbd9e40,,37.03190,129.41146,해안선 보정(봉평해수욕장) — 바다 위에 찍힌 좌표를 가장 가까운 해안 육지로 옮김,,,,,
ctm8a3177fa,,38.51265,128.42463,해안선 보정(마차진해수욕장) — 바다 위에 찍힌 좌표를 가장 가까운 해안 육지로 옮김,,,,,
jd8,,33.45058,126.92558,해안선 보정(광치기해변) — 바다 위에 찍힌 좌표를 가장 가까운 해안 육지로 옮김,,,,,
ctmdc074baa,,36.41019,126.37161,해안선 보정(바람아래해수욕장) — 바다 위에 찍힌 좌표를 가장 가까운 해안 육지로 옮김,,,,,
nax1172,,37.48926,130.91402,해안선 보정(행남해안산책로) — 바다 위에 찍힌 좌표를 가장 가까운 해안 육지로 옮김,,,,,
ctm8802db47,,34.75100,127.66271,해안선 보정(손양원 목사 순교기념관) — 바다 위에 찍힌 좌표를 가장 가까운 해안 육지로 옮김,,,,,
ctmfd1c8ff9,,36.29960,129.37996,해안선 보정(남호해수욕장) — 바다 위에 찍힌 좌표를 가장 가까운 해안 육지로 옮김,,,,,
ctma29139ee,,38.14181,128.61536,해안선 보정(정암해수욕장) — 바다 위에 찍힌 좌표를 가장 가까운 해안 육지로 옮김,,,,,
ctmdb76f258,,37.21429,126.15758,해안선 보정(떼뿌루해수욕장) — 바다 위에 찍힌 좌표를 가장 가까운 해안 육지로 옮김,,,,,
ctm6ef46624,,38.22650,128.58785,해안선 보정(장사항 활어회센터) — 바다 위에 찍힌 좌표를 가장 가까운 해안 육지로 옮김,,,,,
ctmde67a39b,,35.98058,129.55609,해안선 보정(구룡포해수욕장) — 바다 위에 찍힌 좌표를 가장 가까운 해안 육지로 옮김,,,,,
ctmf3ad7466,,36.43419,126.34838,해안선 보정(장삼포해수욕장) — 바다 위에 찍힌 좌표를 가장 가까운 해안 육지로 옮김,,,,,
ctmfd76b777,,38.22031,128.59222,해안선 보정(봉포머구리집) — 바다 위에 찍힌 좌표를 가장 가까운 해안 육지로 옮김,,,,,
ctm767aede2,,36.93470,126.28958,해안선 보정(꾸지나무골해수욕장) — 바다 위에 찍힌 좌표를 가장 가까운 해안 육지로 옮김,,,,,
ctmdc30046b,,38.19631,128.59874,해안선 보정(청호해수욕장) — 바다 위에 찍힌 좌표를 가장 가까운 해안 육지로 옮김,,,,,
ctm0172eaa3,,38.49194,128.43165,해안선 보정(대진1리해수욕장) — 바다 위에 찍힌 좌표를 가장 가까운 해안 육지로 옮김,,,,,
ctm30ac32d1,,37.87770,128.83591,해안선 보정(영진해수욕장) — 바다 위에 찍힌 좌표를 가장 가까운 해안 육지로 옮김,,,,,
ctmbe667a99,,38.22533,128.58856,해안선 보정(어나더블루) — 바다 위에 찍힌 좌표를 가장 가까운 해안 육지로 옮김,,,,,
ctm9a1373eb,,36.03617,129.37967,해안선 보정(송도해수욕장) — 바다 위에 찍힌 좌표를 가장 가까운 해안 육지로 옮김,,,,,
nax1111,,35.98689,129.55253,해안선 보정(구룡포 일본인 가옥거리) — 바다 위에 찍힌 좌표를 가장 가까운 해안 육지로 옮김,,,,,
ctm1615b8f3,,37.12128,126.68427,해안선 보정(백미리 어촌체험마을) — 바다 위에 찍힌 좌표를 가장 가까운 해안 육지로 옮김,,,,,
ctme1100517,,34.79424,126.42986,해안선 보정(남농기념관) — 바다 위에 찍힌 좌표를 가장 가까운 해안 육지로 옮김,,,,,
ctm7790cb6c,,38.21076,128.59901,해안선 보정(동명항 오징어난전) — 바다 위에 찍힌 좌표를 가장 가까운 해안 육지로 옮김,,,,,
ctm5c406e97,,38.20484,128.59540,해안선 보정(홍게대게타운) — 바다 위에 찍힌 좌표를 가장 가까운 해안 육지로 옮김,,,,,
ctm508edd6b,,38.08746,128.66898,해안선 보정(동호해수욕장) — 바다 위에 찍힌 좌표를 가장 가까운 해안 육지로 옮김,,,,,
nax1113,,36.06329,129.38756,해안선 보정(환호공원) — 바다 위에 찍힌 좌표를 가장 가까운 해안 육지로 옮김,,,,,
bc6,,35.07913,129.04368,해안선 보정(흰여울문화마을) — 바다 위에 찍힌 좌표를 가장 가까운 해안 육지로 옮김,,,,,
ctmc318d886,,37.95315,128.77536,해안선 보정(갯마을해수욕장) — 바다 위에 찍힌 좌표를 가장 가까운 해안 육지로 옮김,,,,,
ctma30e46c7,,34.79450,126.43057,해안선 보정(목포문학관) — 바다 위에 찍힌 좌표를 가장 가까운 해안 육지로 옮김,,,,,
jd9,,33.49410,126.91216,해안선 보정(종달리 해안도로) — 바다 위에 찍힌 좌표를 가장 가까운 해안 육지로 옮김,,,,,
nax1017,,34.82872,128.43972,해안선 보정(통영국제음악당) — 바다 위에 찍힌 좌표를 가장 가까운 해안 육지로 옮김,,,,,
nax1000,,35.37610,129.34650,해안선 보정(진하해수욕장) — 바다 위에 찍힌 좌표를 가장 가까운 해안 육지로 옮김,,,,,
bcx5,,35.11805,129.12704,해안선 보정(이기대 전망대) — 바다 위에 찍힌 좌표를 가장 가까운 해안 육지로 옮김,,,,,
ctm21c6d876,,37.93342,128.79143,해안선 보정(원포해수욕장) — 바다 위에 찍힌 좌표를 가장 가까운 해안 육지로 옮김,,,,,
ctm1684beac,,38.20631,128.59655,해안선 보정(수복기념탑) — 바다 위에 찍힌 좌표를 가장 가까운 해안 육지로 옮김,,,,,
ctme760b262,,34.39632,126.31466,해안선 보정(금갑해수욕장) — 바다 위에 찍힌 좌표를 가장 가까운 해안 육지로 옮김,,,,,
ctmb79c2f24,,34.41908,126.31904,해안선 보정(쏠비치 진도) — 바다 위에 찍힌 좌표를 가장 가까운 해안 육지로 옮김,,,,,
bcx36,,35.11525,129.04474,해안선 보정(부산항 북항 친수공원) — 바다 위에 찍힌 좌표를 가장 가까운 해안 육지로 옮김,,,,,
nax216,,34.79249,126.42518,해안선 보정(갓바위) — 바다 위에 찍힌 좌표를 가장 가까운 해안 육지로 옮김,,,,,
ctm98e26930,,38.09851,128.65552,해안선 보정(송전해수욕장) — 바다 위에 찍힌 좌표를 가장 가까운 해안 육지로 옮김,,,,,
ctmf1ba265d,,37.45581,126.36900,해안선 보정(왕산해수욕장) — 바다 위에 찍힌 좌표를 가장 가까운 해안 육지로 옮김,,,,,
ctmcbe326ed,,34.76204,128.58602,해안선 보정(덕원해수욕장) — 바다 위에 찍힌 좌표를 가장 가까운 해안 육지로 옮김,,,,,
ctm03c5950a,,34.72406,127.71534,해안선 보정(대경도 자연횟집) — 바다 위에 찍힌 좌표를 가장 가까운 해안 육지로 옮김,,,,,
ctmaf74f21b,,35.06456,128.63337,해안선 보정(마산로봇랜드) — 바다 위에 찍힌 좌표를 가장 가까운 해안 육지로 옮김,,,,,
ctma3e3ed82,,34.78661,127.75640,해안선 보정(모사금해수욕장) — 바다 위에 찍힌 좌표를 가장 가까운 해안 육지로 옮김,,,,,
jd2,,33.55854,126.75701,해안선 보정(김녕해수욕장) — 바다 위에 찍힌 좌표를 가장 가까운 해안 육지로 옮김,,,,,
jdx56,,33.27554,126.71488,해안선 보정(남원 큰엉해안경승지) — 바다 위에 찍힌 좌표를 가장 가까운 해안 육지로 옮김,,,,,
ctm16d50910,,37.22022,126.11451,해안선 보정(서포리해수욕장) — 바다 위에 찍힌 좌표를 가장 가까운 해안 육지로 옮김,,,,,
ctm3913b20b,,34.93123,126.01638,해안선 보정(분계해수욕장) — 바다 위에 찍힌 좌표를 신안군 자은면 해안 육지로 옮김,,,,,
ctmb86d2577,,34.70779,126.26132,해안선 보정(파인비치 골프호텔) — 바다 위에 찍힌 좌표를 해남군 화원면 해안 육지로 옮김,,,,,
ctmde379d57,,34.93130,126.01642,해안선 보정(백길해수욕장) — 바다 위에 찍힌 좌표를 신안군 자은면 해안 육지로 옮김,,,,,
nax1239,,35.63793,126.45797,해안선 보정(적벽강) — 바다 위에 찍힌 좌표를 부안군 변산면 해안 육지로 옮김,,,,,
ctm6f6a0070,,34.93129,126.01642,해안선 보정(라마다프라자 바이 윈덤 자은도) — 바다 위에 찍힌 좌표를 신안군 자은면 해안 육지로 옮김,,,,,
nax1117,,36.00020,129.45582,해안선 보정(연오랑세오녀 테마공원) — 바다 위에 찍힌 좌표를 포항시 남구 동해면 해안 육지로 옮김,,,,,
ctma5fdd348,,37.09300,126.73583,해안선 보정(매향리 평화생태공원) — 바다 위에 찍힌 좌표를 화성시 우정읍 해안 육지로 옮김,,,,,
ctm6ce12079,,34.43225,127.17986,해안선 보정(금장해수욕장) — 바다 위에 찍힌 좌표를 고흥군 금산면 해안 육지로 옮김,,,,,
ctm30e97d46,,36.67763,129.44737,해안선 보정(후포해수욕장) — 바다 위에 찍힌 좌표를 울진군 후포면 해안 육지로 옮김,,,,,
ctm3e677400,,37.43932,126.47493,해안선 보정(네스트호텔) — 바다 위에 찍힌 좌표를 인천광역시 중구 영종 해안 육지로 옮김,,,,,
ctma481f6f8,,37.33898,129.26800,해안선 보정(원평해수욕장) — 바다 위에 찍힌 좌표를 삼척시 근덕면 해안 육지로 옮김,,,,,
ctmca79d8e9,,34.14318,126.58824,해안선 보정(예송해수욕장) — 바다 위에 찍힌 좌표를 완도군 보길면 해안 육지로 옮김,,,,,
nax1178,,37.53393,130.84129,해안선 보정(현포항 노을) — 바다 위에 찍힌 좌표를 울릉군 북면 해안 육지로 옮김,,,,,
ctm834f2d8a,,38.41872,128.46595,해안선 보정(반암해수욕장) — 바다 위에 찍힌 좌표를 고성군 거진읍 해안 육지로 옮김,,,,,
ctmb467e811,,34.49239,127.44084,해안선 보정(덕흥해수욕장) — 바다 위에 찍힌 좌표를 고흥군 동일면 해안 육지로 옮김,,,,,
ctma4c599bc,,38.54658,128.40759,해안선 보정(명파해수욕장) — 바다 위에 찍힌 좌표를 고성군 현내면 해안 육지로 옮김,,,,,
ctmf8d7167d,,35.27468,126.15250,해안선 보정(송이도해수욕장) — 바다 위에 찍힌 좌표를 영광군 낙월면 해안 육지로 옮김,,,,,
ctmceafa77f,,35.02779,126.11319,해안선 보정(설레미해수욕장) — 바다 위에 찍힌 좌표를 신안군 증도면 해안 육지로 옮김,,,,,
ctm715b9d24,,34.82671,126.04420,해안선 보정(추포해수욕장) — 바다 위에 찍힌 좌표를 신안군 암태면 해안 육지로 옮김,,,,,
ctmf687948a,,37.91780,128.80931,해안선 보정(BTS 버스정류장(향호해변)) — 바다 위에 찍힌 좌표를 강릉시 주문진읍 해안 육지로 옮김,,,,,
ctm2b0bb013,,34.42132,127.12229,해안선 보정(연소해수욕장) — 바다 위에 찍힌 좌표를 고흥군 금산면 해안 육지로 옮김,,,,,
ctm58db8f6b,,37.18500,126.63500,위키백과 좌표(탄도항 누에섬) — 바다 위에 찍힌 좌표를 바로잡음,,,,,
ctm9c002374,,37.06114,126.55902,관광공사 좌표(국화도) — 바다 위에 찍힌 좌표를 바로잡음,,,,,
ctmd2a2662e,,34.94093,128.51972,위키백과 좌표(가조도) — 바다 위에 찍힌 좌표를 바로잡음,,,,,
ctm766d7959,,,,이름 정정 — 소재지 표기 「안동시 외」가 이름으로 들어가 있던 것을 문화재 이름으로 바로잡음,안동 안기동 석조여래좌상,,,,
ctm0b637043,,35.81611,127.14611,위키백과 좌표(전라감영) — 주소로 짐작한 대략 위치를 바로잡음,,,,,
ctm7b6995cd,,35.79634,127.15815,관광공사 좌표(남고산성) — 주소로 짐작한 대략 위치를 바로잡음,,,,,
ctm2a348c21,,35.81262,127.15475,관광공사 좌표(문화공간 양사재) — 주소로 짐작한 대략 위치를 바로잡음,,,,,
