id,ko,en,list
ctmfd1d62c9,2012년 농림수산식품부 · 한식재단의 「한국인이 사랑하는 오래된 한식당 100선」에 뽑혔다.,Selected in 2012 for the 'Korea's 100 Beloved Old Korean Restaurants' list by the agriculture ministry and the Korean Food Foundation.,한식당100선
ro115,2012년 농림수산식품부 · 한식재단의 「한국인이 사랑하는 오래된 한식당 100선」에 뽑혔다.,Selected in 2012 for the 'Korea's 100 Beloved Old Korean Restaurants' list by the agriculture ministry and the Korean Food Foundation.,한식당100선
ro233,2012년 농림수산식품부 · 한식재단의 「한국인이 사랑하는 오래된 한식당 100선」에 뽑혔다.,Selected in 2012 for the 'Korea's 100 Beloved Old Korean Restaurants' list by the agriculture ministry and the Korean Food Foundation.,한식당100선
ro262,허영만 만화 『식객』 제10권 「자반고등어 만들기」에 나오는 간잽이 이동삼 명인이 운영하던 일직식당의 직영점이다.,"Branch of Iljik Sikdang, run by salted-mackerel master Lee Dong-sam, who appears in Sikgaek vol. 10 ""Making Salted Mackerel"".",식객
ctm8ae05855,허영만 만화 『식객』 제27권 제135화 「밀면」에 나온 식당이다.,"Featured in Huh Young-man's manga Sikgaek, vol. 27 ep. 135 ""Milmyeon (Wheat Cold Noodles)"".",식객
ctmda2ea78c,식신 「전국 빵지도」 강원도 편에 마늘바게트 맛집으로 소개됐다.,Listed in Siksin's Korea Bakery Map (Gangwon) for its garlic baguette.,빵지도
ro771,식신 「전국 빵지도」 충청도 편에 거북이빵 맛집으로 소개됐다.,Listed in Siksin's Korea Bakery Map (Chungcheong) for its turtle bread.,빵지도
na6,식신 「전국 빵지도」 대전 편에 튀김소보로와 부추빵 맛집으로 소개됐다.,Listed in Siksin's Korea Bakery Map (Daejeon) for its fried soboro and chive bread.,빵지도
ro264,식신 「전국 빵지도」 전라도 편에 생크림소보로 맛집으로 소개됐다.,Listed in Siksin's Korea Bakery Map (Jeolla) for its fresh-cream soboro bread.,빵지도
nax286,식신 「전국 빵지도」 전라도 편에 단팥빵 맛집으로 소개됐다.,Listed in Siksin's Korea Bakery Map (Jeolla) for its red-bean bun.,빵지도
ro163,식신 「전국 빵지도」 전라도 편에 새우바게트 맛집으로 소개됐다.,Listed in Siksin's Korea Bakery Map (Jeolla) for its shrimp baguette.,빵지도
