city,rank,id,evidence
서울,1,ro17,데이터랩 전체 2위
서울,2,kdx11,데이터랩 전체 4위(롯데월드잠실점)
서울,3,kdx6,데이터랩 전체 5위
서울,4,kdx24,데이터랩 전체 6위
서울,5,kdx43,데이터랩 전체 10위
서울,6,nax704,데이터랩 전체 11위
서울,7,kdx28,데이터랩 전체 19위(어린이대공원)
서울,8,kdx30,데이터랩 전체 21위
서울,9,kd10,수기(집중률 상위 상례)
서울,10,kd4,수기(집중률 상위 상례)
부산,1,bc3,데이터랩 상위(해운대해수욕장)
부산,2,bc4,데이터랩 전체 27위
부산,3,bcx22,데이터랩 전체 28위
부산,4,bcx41,데이터랩 전체 25위(벡스코제1전시장)
부산,5,bc1,수기(집중률 상위 상례)
부산,6,bc12,수기(집중률 상위 상례)
부산,7,bcx1,수기(집중률 상위 상례)
부산,8,bcx46,수기(집중률 상위 상례)
부산,9,bc6,수기(집중률 상위 상례)
부산,10,nax763,수기(집중률 상위 상례)
제주,1,jd1,수기(집중률 상위 상례)
제주,2,jd5,수기(집중률 상위 상례)
제주,3,jd11,수기(집중률 상위 상례)
제주,4,jdx8,수기(집중률 상위 상례)
제주,5,jdx1,수기(집중률 상위 상례)
제주,6,jd10,수기(집중률 상위 상례)
제주,7,jdx13,수기(집중률 상위 상례)
제주,8,jdx2,수기(집중률 상위 상례)
제주,9,jdx12,수기(집중률 상위 상례)
제주,10,jdx10,수기(집중률 상위 상례)
경주,1,gjx1,데이터랩 전체 7위
경주,2,gjx4,데이터랩 전체 24위
경주,3,gj5,데이터랩 상위(경주월드)
경주,4,gj3,수기(집중률 상위 상례)
경주,5,gjx3,수기(집중률 상위 상례)
경주,6,gjx2,수기(집중률 상위 상례)
경주,7,gjx5,수기(집중률 상위 상례)
경주,8,gjx6,수기(집중률 상위 상례)
경주,9,gjx18,수기(집중률 상위 상례)
경주,10,gjx11,수기(집중률 상위 상례)
강릉,1,nax117,데이터랩 상위(경포해변)
강릉,2,ro5,데이터랩 상위(안목해변)
강릉,3,nax123,데이터랩 상위(주문진항)
강릉,4,nax121,수기(집중률 상위 상례)
강릉,5,nax120,수기(집중률 상위 상례)
강릉,6,ro47,수기(집중률 상위 상례)
강릉,7,ro33,수기(집중률 상위 상례)
강릉,8,nax124,수기(집중률 상위 상례)
강릉,9,nax740,수기(집중률 상위 상례)
강릉,10,nax739,수기(집중률 상위 상례)
전주,1,nax109,데이터랩 전체 15위
전주,2,nax110,수기(집중률 상위 상례)
전주,3,nax111,수기(집중률 상위 상례)
전주,4,nax116,수기(집중률 상위 상례)
전주,5,ro273,수기(집중률 상위 상례)
전주,6,nax1319,수기(집중률 상위 상례)
전주,7,nax114,수기(집중률 상위 상례)
전주,8,nax112,수기(집중률 상위 상례)
전주,9,ro551,수기(집중률 상위 상례)
전주,10,nax115,수기(집중률 상위 상례)
인천,1,nax172,데이터랩 전체 9위
인천,2,nax167,데이터랩 전체 14위
인천,3,ro553,데이터랩 전체 26위
인천,4,nax181,데이터랩 전체 29위
인천,5,nax169,데이터랩 상위(소래포구)
인천,6,nax170,수기(집중률 상위 상례)
인천,7,nax168,수기(집중률 상위 상례)
인천,8,nax184,수기(집중률 상위 상례)
인천,9,ctmbb332f93,수기(집중률 상위 상례)
인천,10,nax1410,데이터랩 상위(연안부두)
속초,1,nax144,데이터랩 전체 16위(속초해변)
속초,2,nax145,수기(집중률 상위 상례)
속초,3,nax143,수기(집중률 상위 상례)
속초,4,nax142,수기(집중률 상위 상례)
속초,5,nax147,수기(집중률 상위 상례)
속초,6,nax148,수기(집중률 상위 상례)
속초,7,nax146,수기(집중률 상위 상례)
속초,8,ro9,수기(집중률 상위 상례)
속초,9,nax743,수기(집중률 상위 상례)
속초,10,nax744,수기(집중률 상위 상례)
