region,stopName,tours,ko,en,cat,lat,lng,signgu,muni,desc,descEn,nearOk,source
부여,구드래선착장,7,구드래 선착장,Gudeurae Pier,heal,36.2850,126.9050,44760,부여군,백마강 황포돛배가 뜨는 구드래 나루.,Pier on the Baengma River where the yellow-sail boats depart.,,한국관광공사 연관 관광지(기존 장소 설명에 7회 언급)
울릉,거북바위,7,거북바위(통구미),Turtle Rock,sea,37.4640,130.8420,47940,울릉군,통구미 마을 앞 거북 모양 바위와 향나무 자생지.,Turtle-shaped rock and juniper habitat off Tonggumi village.,,한국관광공사 연관 관광지(기존 장소 설명에 7회 언급)
해남,4est수목원,7,포레스트수목원(4est),4est Arboretum,heal,34.4880,126.5950,12790,해남군,두륜산 서쪽 골짜기의 수국 호수 수목원.,Hydrangea-lake arboretum in a valley west of Duryunsan.,,한국관광공사 연관 관광지(기존 장소 설명에 7회 언급)
군산,국립신시도자연휴양림,6,국립신시도자연휴양림,Sinsido National Recreation Forest,heal,35.8215,126.4725,52130,군산시,고군산군도 신시도의 바다가 보이는 휴양림.,Seaside recreation forest on Sinsido in the Gogunsan islands.,,한국관광공사 연관 관광지(기존 장소 설명에 6회 언급)
서울,도선사,6,도선사,Doseonsa Temple,herit,37.6455,127.0035,11305,강북구,북한산 우이동 계곡의 천년 사찰.,Thousand-year-old temple in the Ui-dong valley of Bukhansan.,,한국관광공사 연관 관광지(기존 장소 설명에 6회 언급)
인천,강화고려궁지,6,강화 고려궁지,Goryeo Palace Site,herit,37.7510,126.4855,28710,강화군,고려 강화 천도 때의 궁궐 터와 외규장각.,Site of the Goryeo palace during the Ganghwa capital years.,,한국관광공사 연관 관광지(기존 장소 설명에 6회 언급)
강릉,BTS버스정류장,4,BTS 버스정류장(향호해변),BTS Bus Stop,sea,37.9330,128.8010,51150,강릉시,앨범 재킷을 찍은 주문진 향호해변의 버스정류장.,Bus stop at Hyangho beach famous from the album cover.,,한국관광공사 연관 관광지(기존 장소 설명에 4회 언급)
거제,거제관광모노레일,4,거제 관광모노레일,Geoje Monorail,activity,34.8805,128.6270,48310,거제시,포로수용소 유적공원에서 계룡산 전망대로 오르는 모노레일.,Monorail from the POW camp park up to the Gyeryongsan lookout.,1,한국관광공사 연관 관광지(기존 장소 설명에 4회 언급)
대구,대구아쿠아리움,4,대구 아쿠아리움,Daegu Aquarium,activity,35.8780,128.6280,27140,동구,신세계 동대구 안의 도심 수족관.,City aquarium inside Shinsegae Dongdaegu.,,한국관광공사 연관 관광지(기존 장소 설명에 4회 언급)
대전,대전시립미술관,4,대전시립미술관,Daejeon Museum of Art,herit,36.3675,127.3870,30170,서구,둔산대공원의 시립미술관. 한밭수목원 옆.,"Municipal art museum in Dunsan Grand Park, next to Hanbat Arboretum.",1,한국관광공사 연관 관광지(기존 장소 설명에 4회 언급)
여주,금은모래강변공원,4,금은모래강변공원,Geumeun Sand Riverside Park,heal,37.2960,127.6380,41670,여주시,남한강변 모래밭 캠핑 · 산책 공원.,Riverside sand park on the Namhan River for camping and walks.,,한국관광공사 연관 관광지(기존 장소 설명에 4회 언급)
울진,기성망양해수욕장,4,기성망양해수욕장,Giseong Mangyang Beach,sea,36.8160,129.4480,47930,울진군,동해안 솔숲을 낀 긴 백사장.,Long sandy beach lined with pines on the east coast.,,한국관광공사 연관 관광지(기존 장소 설명에 4회 언급)
인제,곰배령(산림청_진동리구간),4,곰배령,Gombaeryeong Pass,heal,38.0640,128.4320,51810,인제군,점봉산 자락 야생화 능선. 예약 탐방.,Wildflower ridge on Jeombongsan visited by reservation.,,한국관광공사 연관 관광지(기존 장소 설명에 4회 언급)
정선,가리왕산자연휴양림,4,국립가리왕산자연휴양림,Gariwangsan National Recreation Forest,heal,37.4390,128.5570,51770,정선군,정선읍 회동리 가리왕산 자락의 휴양림.,Recreation forest at the foot of Gariwangsan in Jeongseon.,,한국관광공사 연관 관광지(기존 장소 설명에 4회 언급)
정선,고한야한구공탄시장,4,고한 구공탄시장,Gohan Gugongtan Market,food,37.2040,128.8280,51770,정선군,구공탄 구이로 이름난 고한읍 전통시장.,Gohan traditional market known for briquette-grilled pork.,,한국관광공사 연관 관광지(기존 장소 설명에 4회 언급)
정읍,내장산케이블카,4,내장산 케이블카,Naejangsan Cable Car,activity,35.4850,126.8900,52180,정읍시,내장산 집단시설지구에서 전망대로 오르는 케이블카.,Cable car from the Naejangsan base up to the lookout.,1,한국관광공사 연관 관광지(기존 장소 설명에 4회 언급)
충주,석종사,4,석종사,Seokjongsa Temple,herit,36.9790,127.9160,43130,충주시,금봉산 자락의 정갈한 선원 사찰.,Quiet Zen temple at the foot of Geumbongsan.,,한국관광공사 연관 관광지(기존 장소 설명에 4회 언급)
거제,가조도,3,가조도,Gajodo Island,sea,34.9100,128.5600,48310,거제시,연륙교로 이어진 섬. 옥녀봉 전망.,Island reached by bridge with views from Ongnyeobong.,,한국관광공사 연관 관광지(기존 장소 설명에 3회 언급)
거제,거제숲소리공원,3,거제숲소리공원,Geoje Forest Sound Park,heal,34.8880,128.6200,48310,거제시,계룡산 자락의 숲 체험 공원.,Forest experience park at the foot of Gyeryongsan.,,한국관광공사 연관 관광지(기존 장소 설명에 3회 언급)
경주,경주김유신장군묘,3,김유신장군묘,Tomb of General Kim Yu-sin,herit,35.8450,129.1985,47130,경주시,십이지신상 둘레돌의 신라 명장 무덤.,Tomb of the Silla general with zodiac relief stones.,,한국관광공사 연관 관광지(기존 장소 설명에 3회 언급)
공주,갑사,3,갑사,Gapsa Temple,herit,36.3845,127.2025,44150,공주시,계룡산 서쪽 자락의 고찰. 오리숲길.,Old temple on the west side of Gyeryongsan with its forest approach.,,한국관광공사 연관 관광지(기존 장소 설명에 3회 언급)
남양주,능내역/폐역,3,능내역(폐역),Neungnae Station,herit,37.5470,127.3130,41360,남양주시,다산길 자전거길의 옛 중앙선 간이역.,Former Jungang Line station on the Dasan bike path.,,한국관광공사 연관 관광지(기존 장소 설명에 3회 언급)
논산,신원사,3,신원사,Sinwonsa Temple,herit,36.3105,127.1905,44230,논산시,계룡산 남쪽의 백제 사찰과 중악단.,Baekje-era temple on the south side of Gyeryongsan.,,한국관광공사 연관 관광지(기존 장소 설명에 3회 언급)
무주,머루와인동굴,3,머루와인동굴,Meoru Wine Cave,activity,35.9950,127.7620,52730,무주군,적상산 터널을 바꾼 머루 와인 저장 · 시음 동굴.,Wine cellar and tasting cave in a former Jeoksangsan tunnel.,,한국관광공사 연관 관광지(기존 장소 설명에 3회 언급)
부여,무량사,3,무량사,Muryangsa Temple,herit,36.3330,126.7430,44760,부여군,만수산 자락 극락전으로 이름난 고찰.,Old temple on Mansusan known for its two-story main hall.,,한국관광공사 연관 관광지(기존 장소 설명에 3회 언급)
부산,기장해녀촌,3,기장 연화리 해녀촌,Gijang Haenyeo Village,food,35.2010,129.2220,26710,기장군,해녀가 바로 잡은 해산물을 내는 연화리 포구.,Yeonhwa-ri harbor where haenyeo serve fresh seafood.,,한국관광공사 연관 관광지(기존 장소 설명에 3회 언급)
부산,국립달음산자연휴양림,3,국립달음산자연휴양림,Dareumsan National Recreation Forest,heal,35.2960,129.1850,26710,기장군,일광면 달음산 자락의 휴양림.,Recreation forest at the foot of Dareumsan in Ilgwang.,,한국관광공사 연관 관광지(기존 장소 설명에 3회 언급)
부안,개암사,3,개암사,Gaeamsa Temple,herit,35.6950,126.6980,52800,부안군,울금바위 아래 백제 고찰.,Baekje-era temple below the Ulgeum rock.,,한국관광공사 연관 관광지(기존 장소 설명에 3회 언급)
인천,갑곶돈대,3,갑곶돈대,Gapgot Fortification,herit,37.7420,126.5240,28710,강화군,강화대교 옆 조선 포대와 강화전쟁박물관.,Joseon battery beside Ganghwa Bridge with the war museum.,,한국관광공사 연관 관광지(기존 장소 설명에 3회 언급)
인천,소래습지생태공원,3,소래습지생태공원,Sorae Marsh Ecological Park,heal,37.4100,126.7490,28200,남동구,옛 염전과 풍차가 있는 갯벌 습지 공원.,Tidal marsh park with old salt pans and windmills.,,한국관광공사 연관 관광지(기존 장소 설명에 3회 언급)
전주,전주역사박물관,3,전주역사박물관,Jeonju History Museum,herit,35.8180,127.1140,52111,전주시완산구,전주의 역사와 생활을 보여 주는 박물관.,Museum of Jeonju's history and everyday life.,,한국관광공사 연관 관광지(기존 장소 설명에 3회 언급)
제주,9.81파크,3,9.81파크,9.81 Park,activity,33.3870,126.3730,50110,제주시,중력 가속 레이싱 테마파크.,Gravity racing theme park.,,한국관광공사 연관 관광지(기존 장소 설명에 3회 언급)
단양,충주호유람선장회나루선착장,3,장회나루,Janghoe Ferry,heal,36.9828,128.2238,43800,단양군,구담봉 · 옥순봉을 보는 충주호 유람선 선착장.,Chungju Lake cruise pier facing Gudambong and Oksunbong.,,한국관광공사 연관 관광지(기존 장소 설명에 3회 언급)
진주,강주연못,3,강주연못,Gangju Pond,heal,35.1480,128.0680,48170,진주시,여름 연꽃으로 이름난 정촌면의 옛 연못.,Old lotus pond in Jeongchon-myeon famed for summer blooms.,,한국관광공사 연관 관광지(기존 장소 설명에 3회 언급)
진주,경상남도수목원,3,경상남도수목원,Gyeongsangnam-do Arboretum,heal,35.1500,128.2230,48170,진주시,이반성면의 도립 수목원과 산림박물관.,Provincial arboretum and forest museum in Ibanseong-myeon.,,한국관광공사 연관 관광지(기존 장소 설명에 3회 언급)
창원,진해내수면환경생태공원,3,진해 내수면환경생태공원,Jinhae Inland Water Eco Park,heal,35.1620,128.6700,48125,창원시진해구,저수지 둘레 벚꽃 · 단풍 산책 공원.,Reservoir-side park known for cherry blossoms and autumn colors.,,한국관광공사 연관 관광지(기존 장소 설명에 3회 언급)
해남,고산윤선도유적지,3,고산 윤선도 유적지(녹우당),Yun Seon-do Historic Site,herit,34.5540,126.6190,12790,해남군,해남 윤씨 종가 녹우당과 유물전시관.,Nokudang head house of the Haenam Yun clan and its museum.,,한국관광공사 연관 관광지(기존 장소 설명에 3회 언급)
홍성,궁리항,3,궁리항,Gungni Port,sea,36.5330,126.4700,44800,홍성군,천수만 노을이 고운 작은 항구.,Small harbor on Cheonsu Bay known for sunsets.,,한국관광공사 연관 관광지(기존 장소 설명에 3회 언급)
함양,용추사,2,용추사,Yongchusa Temple,herit,35.6050,127.7420,48870,함양군,용추계곡 폭포 위의 사찰.,Temple above the waterfall of Yongchu valley.,,한국관광공사 연관 관광지(기존 장소 설명에 2회 언급)
함양,벽송사,2,벽송사,Byeoksongsa Temple,herit,35.6370,127.7680,48870,함양군,지리산 칠선계곡 들머리의 선원 사찰.,Zen temple at the mouth of the Chilseon valley of Jirisan.,,한국관광공사 연관 관광지(기존 장소 설명에 2회 언급)
고령,대가야생활촌,2,대가야생활촌,Daegaya Living Village,activity,35.7310,128.2600,47830,고령군,대가야 시대 생활을 재현한 체험 마을.,Experience village recreating Daegaya-era life.,,한국관광공사 연관 관광지(기존 장소 설명에 2회 언급)
상주,상주자전거박물관,2,상주자전거박물관,Sangju Bicycle Museum,herit,36.4160,128.1870,47250,상주시,자전거 도시 상주의 자전거 전문 박물관.,Bicycle museum in the cycling city of Sangju.,,한국관광공사 연관 관광지(기존 장소 설명에 2회 언급)
군산,무녀도,2,무녀도,Munyeodo Island,sea,35.8130,126.4230,52130,군산시,신시도와 선유도 사이의 섬.,Island between Sinsido and Seonyudo.,,한국관광공사 연관 관광지(기존 장소 설명에 2회 언급)
서울,겸재정선미술관,2,겸재정선미술관,Gyeomjae Jeong Seon Art Museum,herit,37.5750,126.8160,11500,강서구,진경산수 화가 정선을 기리는 미술관.,Museum honoring the landscape painter Jeong Seon.,,한국관광공사 연관 관광지(기존 장소 설명에 2회 언급)
서울,푸른수목원,2,푸른수목원,Pureun Arboretum,heal,37.4860,126.8255,11530,구로구,항동 저수지를 낀 서울 첫 시립 수목원.,Seoul's first municipal arboretum by the Hangdong reservoir.,,한국관광공사 연관 관광지(기존 장소 설명에 2회 언급)
수원,수원광교박물관,2,수원광교박물관,Suwon Gwanggyo Museum,herit,37.2880,127.0590,41117,수원시영통구,광교 신도시 터의 유적과 기증 유물 박물관.,Museum of finds from the Gwanggyo new town site.,,한국관광공사 연관 관광지(기존 장소 설명에 2회 언급)
수원,국토지리정보원/국립지도박물관,2,국립지도박물관,National Map Museum,herit,37.2770,127.0530,41117,수원시영통구,국토지리정보원의 지도 전문 박물관.,Map museum of the National Geographic Information Institute.,,한국관광공사 연관 관광지(기존 장소 설명에 2회 언급)
여수,GS칼텍스예울마루,2,GS칼텍스 예울마루,Yeulmaru Arts Center,activity,34.7540,127.6950,12130,여수시,장도 앞 바닷가 공연 · 전시 문화예술공원.,Seaside arts complex facing Jangdo island.,,한국관광공사 연관 관광지(기존 장소 설명에 2회 언급)
여주,목아박물관,2,목아박물관,Moga Museum,herit,37.3180,127.5560,41670,여주시,불교 목조각 전문 사립 박물관.,Private museum of Buddhist wood carving.,,한국관광공사 연관 관광지(기존 장소 설명에 2회 언급)
포항,보경사,2,보경사,Bogyeongsa Temple,herit,36.1800,129.3240,47113,포항시북구,내연산 12폭포 들머리의 고찰.,Old temple at the entrance to the twelve waterfalls of Naeyeonsan.,,한국관광공사 연관 관광지(기존 장소 설명에 2회 언급)
아산,세계꽃식물원,2,아산 세계꽃식물원,Asan World Flower Garden,heal,36.7840,126.8640,44200,아산시,도고면의 국내 최대 실내 온실 식물원.,Korea's largest indoor greenhouse garden in Dogo-myeon.,,한국관광공사 연관 관광지(기존 장소 설명에 2회 언급)
용인,동백호수공원,2,동백호수공원,Dongbaek Lake Park,heal,37.2810,127.1540,41463,용인시기흥구,동백지구의 호수 산책 공원.,Lakeside walking park in the Dongbaek district.,,한국관광공사 연관 관광지(기존 장소 설명에 2회 언급)
인천,북성포구,2,북성포구,Bukseong Port,sea,37.4740,126.6120,28110,중구,선상 파시로 이름난 작은 포구.,Small harbor known for its fish market on the boats.,,한국관광공사 연관 관광지(기존 장소 설명에 2회 언급)
제주,노루생태관찰원,2,노루생태관찰원,Roe Deer Observation Park,heal,33.4576,126.5938,50110,제주시,봉개동 명림로의 노루 관찰 공원.,Roe deer observation park on Myeongnim-ro in Bonggae-dong.,,한국관광공사 연관 관광지(기존 장소 설명에 2회 언급)
창녕,관룡사,2,관룡사,Gwallyongsa Temple,herit,35.5540,128.5450,48740,창녕군,화왕산 자락 용선대 석불의 고찰.,Old temple on Hwawangsan with the Yongseondae Buddha.,,한국관광공사 연관 관광지(기존 장소 설명에 2회 언급)
창원,마산로봇랜드,2,마산로봇랜드,Masan Robot Land,activity,35.0650,128.6330,48121,창원시마산합포구,로봇 테마파크와 전시관.,Robot theme park and exhibition halls.,,한국관광공사 연관 관광지(기존 장소 설명에 2회 언급)
청주,서문시장,2,청주 서문시장,Cheongju Seomun Market,food,36.6350,127.4880,43111,청주시상당구,삼겹살 거리로 이름난 전통시장.,Traditional market known for its pork belly street.,,한국관광공사 연관 관광지(기존 장소 설명에 2회 언급)
정선,하이원리조트,2,하이원리조트,High1 Resort,activity,37.2080,128.8390,51770,정선군,고한 · 사북의 스키장 · 곤돌라 리조트.,Ski and gondola resort in Gohan and Sabuk.,,한국관광공사 연관 관광지(기존 장소 설명에 2회 언급)
태안,국립해양유산연구소/국립태안해양유물전시관,2,국립태안해양유물전시관,Taean Maritime Relics Museum,herit,36.7570,126.1510,44825,태안군,태안 앞바다 고려 선박 유물 전시관.,Museum of Goryeo shipwreck finds from the Taean coast.,,한국관광공사 연관 관광지(기존 장소 설명에 2회 언급)
태안,기지포해수욕장,2,기지포해수욕장,Gijipo Beach,sea,36.5300,126.3280,44825,태안군,안면도 해안 사구가 있는 해변.,Beach on Anmyeondo with coastal dunes.,,한국관광공사 연관 관광지(기존 장소 설명에 2회 언급)
파주,미메시스아트뮤지엄,2,미메시스 아트 뮤지엄,Mimesis Art Museum,herit,37.7120,126.6950,41480,파주시,출판도시의 알바루 시자 설계 미술관.,Álvaro Siza-designed museum in Paju Book City.,,한국관광공사 연관 관광지(기존 장소 설명에 2회 언급)
가평,현등사,2,현등사,Hyeondeungsa Temple,herit,37.8980,127.3520,41820,가평군,운악산 자락의 고찰.,Old temple at the foot of Unaksan.,,한국관광공사 연관 관광지(기존 장소 설명에 2회 언급)
하동,노량항,2,노량항,Noryang Port,sea,34.9475,127.8805,48850,하동군,남해대교 아래 이순신 최후의 바다를 보는 포구.,Harbor below Namhae Bridge on the waters of Yi Sun-sin's last battle.,,한국관광공사 연관 관광지(기존 장소 설명에 2회 언급)
보령,오서산자연휴양림,2,오서산자연휴양림,Oseosan Recreation Forest,heal,36.4330,126.6850,44180,보령시,억새 능선으로 이름난 오서산 자락의 휴양림.,Recreation forest below the silvergrass ridge of Oseosan.,,한국관광공사 연관 관광지(기존 장소 설명에 2회 언급)
수원,못골종합시장,2,못골종합시장,Motgol Market,food,37.2770,127.0180,41115,수원시팔달구,수원천변의 전통시장.,Traditional market beside Suwoncheon stream.,1,한국관광공사 연관 관광지(기존 장소 설명에 2회 언급)
원주,국립백운산자연휴양림,3,국립백운산자연휴양림,Baegunsan National Recreation Forest,heal,37.2500,127.9500,51130,원주시,판부면 백운산 자락의 휴양림.,Recreation forest at the foot of Baegunsan in Panbu-myeon.,,한국관광공사 연관 관광지(기존 장소 설명에 3회 언급)
공주,유구색동수국정원,3,유구 색동수국정원,Yugu Hydrangea Garden,heal,36.5480,127.0020,44150,공주시,유구읍 창말길의 수국 정원. 6월 꽃축제.,Hydrangea garden in Yugu-eup with a June flower festival.,,한국관광공사 연관 관광지(기존 장소 설명에 3회 언급)
