keep,drop,reason
ctt241,ctm50ae6d50,"수기 장소가 기존 시티투어 경유지와 같은 이름(수기 좌표 1.2km 오차)"
ctt328,ctm5b499227,"수기 장소가 기존 시티투어 경유지와 같은 이름(수기 좌표 1.0km 오차)"
nax1097,ctm09ca51b6,"수기 장소가 기존 연관 관광지와 같은 이름(수기 좌표 4.3km 오차)"
nax862,ctma9291249,"수기 장소가 기존 장소와 같은 이름(수기 좌표 7.4km 오차)"
nax132,ctm05623dd5,"종포해양공원 = 여수해양공원(공식 이름, 339m)"
kdx26,nax701,"같은 이름 서울숲(3m)"
yw2,ro188,"영월 장릉 = 장릉(9m)"
gjx29,ro166,"감은사지 = 감은사지동서삼층석탑(13m)"
bcx42,ro177,"동백섬 · 누리마루 = 동백섬(80m)"
bc10,ctt7,"부산 BIFF 광장 = BIFF광장(186m)"
ywx1,ro106,"고씨굴 = 영월 고씨굴(1.9km, 입구 · 매표소 차이)"
bcx28,ro226,"달맞이길 문탠로드 = 해운대달맞이길(1.1km)"
kd5,ro666,"롯데월드타워 서울스카이 = 서울스카이(5m)"
jdx29,ro15,"제주 올레시장 = 서귀포매일올레시장(245m)"
jdx5,ro261,"사려니숲길 = 한라산둘레길 사려니숲길(1.6km)"
bcx31,ro762,"부산 F1963 = F1963(42m)"
gjx19,rs60,"힐튼 경주 = 힐튼호텔 경주(21m)"
gjx8,nax773,"경주 양남 주상절리 = 양남 주상절리 파도소리길(107m)"
yw1,nax893,"청령포 = 청령포 관음송(44m)"
kd4,ro49,"남산서울타워 = YTN서울타워(7m, N서울타워)"
bc4,ro4,"광안리해변 · 광안대교 = 광안리해수욕장(27m)"
kdx72,ro28,"가락시장 = 가락동 농수산물도매시장(630m, 같은 시장)"
bcx6,ro127,"흥국사·황령산 전망대 = 황령산전망쉼터(104m)"
bcx16,ctt8,"유엔기념공원 = UN기념공원 안내소(114m, 시티투어 경유지)"
nax826,ro129,"황남빵 본점 = 황남빵(3m)"
nax151,ro247,"철원 노동당사 = 노동당사(3m)"
nax278,ro222,"정림사지 오층석탑 = 정림사지5층석탑(5m)"
nax716,ro22,"교동도 대룡시장 = 교동대룡시장(9m)"
nax273,ro360,"무령왕릉과 왕릉원 = 공주 무령왕릉과 왕릉원(13m)"
nax273,ro198,"무령왕릉과 왕릉원 = 무령왕릉(111m, 왕릉원 안의 능 · 내부 비공개)"
nax134,ro2,"통영중앙시장 = 통영중앙전통시장(16m)"
nax131,ro68,"낭만포차거리 = 여수낭만포차거리(18m)"
nax513,ro80,"덕구온천 = 덕구온천스파월드(22m)"
nax409,ro278,"우수영관광지 = 우수영국민관광지(27m)"
nax520,ro227,"원주중앙시장 = 미로예술 원주중앙시장(32m)"
nax504,ro355,"사천 항공우주박물관 = 항공우주박물관(36m)"
nax616,ro576,"이천 테르메덴 = 테르메덴(42m)"
nax184,ro35,"강화 전등사 = 전등사(44m)"
nax193,ro121,"무의도 하나개해수욕장 = 하나개해수욕장(55m)"
nax664,ro831,"반디랜드 = 무주반디랜드 무주곤충박물관(36m, 반디랜드 안 박물관)"
nax119,ro24,"안목해변 커피거리 = 강릉카페거리(56m)"
ro518,ro241,"피아크 = 피아크 카페엔베이커리(4m, 같은 복합문화공간)"
nax521,ro31,"오대산 월정사 = 월정사(70m)"
nax137,ro246,"달아공원 = 통영달아공원 달아전망대(72m)"
nax628,ro11,"삼척해수욕장 = 삼척해변(74m)"
nax219,ro803,"부석사 = 부석사 무량수전(74m, 본전)"
nax601,ro146,"임진각 평화누리 = 임진각 평화누리공원(75m)"
nax608,ro659,"고양 행주산성 = 행주산성(76m)"
nax116,ro245,"덕진공원 = 전주덕진공원(78m)"
nax457,ro139,"율포솔밭해수욕장 = 율포해수욕장(86m)"
nax774,ctu65,"십리대숲 = 태화강국가정원 십리대숲(98m)"
nax831,ctu62,"수통골 = 계룡산국립공원 수통골(121m)"
nax437,ro195,"말이산 고분군 = 함안말이산고분군(133m)"
nax149,ro248,"고석정 = 고석정국민관광지(151m)"
nax425,ro657,"미륵사지 = 미륵사지석탑(186m, 사지 안 석탑)"
nax674,ro258,"밀양 얼음골 = 얼음골(243m)"
nax747,ro393,"육백마지기 = 청옥산 육백마지기농장(238m)"
nax766,ctt29,"대구 근대골목 = 대구중구골목투어 근대문화골목(2코스)(278m)"
nax671,ro64,"명사십리해수욕장 = 신지명사십리해수욕장(339m)"
nax660,ro732,"관방제림 = 담양관방제림(436m)"
nax518,ro156,"치악산 구룡사 = 구룡사(562m)"
nax440,ro715,"교동과 송현동 고분군 = 창녕교동과송현동고분군(683m)"
nax1072,ro316,"낙화암·고란사 = 낙화암(284m)"
ctu41,ctt167,"오전약수관광지 = 오전약수탕(134m)"
rs454,rs179,"썬클라우드호텔 = 코오롱씨클라우드호텔(1m, 2020년 이름 바꿈)"
ctt344,ctm0f3dbb84,"아산 세계꽃식물원 = 세계꽃식물원(도시 접두, 2026-10-04 재점검)"
nax1097,ro122,"공주 유구색동수국정원 = 유구색동수국정원(도시 접두, 2026-10-04 재점검)"
nax34,ro346,"레일바이크 (구절리~아우라지) = 정선레일바이크(2026-10-04 재점검)"
nax1094,ro365,"공주 석장리박물관 = 석장리박물관(도시 접두, 2026-10-04 재점검)"
ro573,ctm71ca2f54,"완도청해진유적 = 청해진 유적(장도)(수기 좌표, 2026-10-04 재점검)"
nax1074,ctm9a1fa7ea,"부여 무량사 = 무량사(수기 좌표 5km 오차, 2026-10-04 재점검)"
ro622,ctmf81bd2bb,"전북특별자치도립미술관 = 전북도립미술관(시티투어 수기 장소, 2026-10-04 재점검)"
ctt73,ctme94cdb0e,"화성융릉과건릉 = 융건릉(시티투어 수기 장소, 2026-10-04 재점검)"
jd2,jdx50,"이름 혼용: 김녕성세기해변 = 김녕해수욕장(같은 주소 구좌읍 김녕리)"
nax765,bcx30,"이름 혼용: 부산 아난티 · 힐튼 해안 = 아난티 코브(같은 주소 기장해안로 268-32)"
nax116,nax838,"이름 혼용: 덕진채련(전주 8경) = 덕진공원 연못(같은 주소 권삼득로 390)"
nax108,ro620,"이름 혼용: 수성유원지 = 수성못 일대(130m)"
nax601,ctt192,"이름 혼용: 임진각관광지 = 임진각 평화누리(300m, 100선 · 열린관광지는 keep으로)"
ro722,nax952,"이름 혼용: 진해루는 진해루해변공원 안(진해구 진희로 142). drop 좌표(웅천동로 21)는 4km 어긋남"
nax618,ro326,"이름 혼용: 정약용유적지 생가 = 다산유적지(같은 주소 다산로747번길 11)"
kd9,kdx10,"이름 혼용: 서울약령시 한의약박물관은 서울한방진흥센터 안(같은 주소 약령중앙로 26)"
kdx5,kdx47,"이름 혼용: 인사동 문화의거리 = 인사동(같은 인사동길)"
nax639,ro797,"이름 혼용: 수암골타운 = 수암골(70m)"
bcx47,ro754,"이름 혼용: 장림포구 = 부네치아(장림포구)(같은 주소 장림로93번길 72)"
rs184,rs414,"이름 혼용: 강동리조트 패밀리콘도 = 강동리조트(같은 주소 천군로 95-32)"
ctt258,nax451,"이름 혼용: 장항송림산림욕장은 2021년 장항송림자연휴양림으로 이름이 바뀜"
rs284,ro945,"이름 혼용: 주왕산온천관광호텔 청송솔기온천 = 주왕산관광호텔(같은 주소 중앙로 315)"
ro520,ctmf71a4f00,"이름 혼용: 선화당(보물)은 원주 강원감영 안의 건물. drop 좌표는 대략 위치"
ro10,ctme3e7cad6,"이름 혼용: 하맹방해수욕장 = 맹방해변의 해수욕 구간(맹방해수욕장)"
rs119,ctme6c9701c,"이름 혼용: 정선랜드는 하이캐슬리조트 운영사 정선랜드(주)의 이름(같은 주소 하이원길 202). keep 이름은 place-fixes.csv에서 하이캐슬리조트로"
