region,site,ko,kind,cat,count,items,address
청도,운문사,청도 운문사,절,herit,13,청도 운문사 금당 앞 석등 · 청도 운문사 동호 · 청도 운문사 원응국사비 · 청도 운문사 석조여래좌상,"경북 청도군 운문면 운문사길 264, 운문사 (신원리)"
구례,천은사,구례 천은사,절,herit,7,천은사 극락전 아미타후불탱화 · 천은사 괘불탱 · 구례 천은사 금동불감 · 구례 천은사 삼장보살도,"전남광주통합특별시 구례군 광의면 노고단로 209, 천은사 (방광리)"
상주,남장사,상주 남장사,절,herit,6,상주 남장사 보광전 목각아미타여래설법상 · 상주 남장사 관음선원 목각아미타여래설법상 · 상주 남장사 철조비로자나불좌상 · 상주 남장사 목조아미타여래삼존좌상,"경북 상주시 남장1길 259-22, 남장사 (남장동)"
서울,국립한글박물관,국립한글박물관,박물관,herit,6,간이벽온방(언해)(2020) · 말모이 원고 · 효의왕후 어필 및 함-만석군전ㆍ곽자의전 · 청구영언,"서울특별시 용산구 서빙고로 139 (용산동6가, 국립한글박물관)"
완주,송광사,완주 송광사,절,herit,6,완주 송광사 대웅전 · 완주 송광사 종루 · 완주 송광사 소조사천왕상 · 완주 송광사 소조석가여래삼불좌상 및 복장유물,"전북 완주군 소양면 송광수만로 255-16, 송광사 (대흥리)"
음성,한독의약박물관,한독의약박물관,박물관,herit,6,"청자 상감‘상약국’명 음각운룡문 합 · 언해태산집요(1991-2) · 찬도방론맥결집성 권1, 3 · 의방유취 권201","충북 음성군 대소면 대풍산단로 78, 한독의약박물관 (대풍리)"
고양,원각사,고양 원각사,절,herit,5,"묘법연화경(언해) 권1, 4 · 자치통감 권193~195 · 재조본 유가사지론 권42 · 대불정여래밀인수증요의제보살만행수능엄경(언해) 권9",경기도 고양시 일산동구 동국로 137-48 원각사
봉화,충재박물관,충재박물관,박물관,herit,5,권벌 충재일기 · 근사록(1963) · 권벌 종가 전적 · 권벌 종가 고문서,"경상북도 봉화군 충재길 60 (봉화읍, 충재박물관)"
상주,상주박물관,상주박물관,박물관,herit,5,상주 석조천인상 · 정기룡 유물 · 조정 임진란기록 일괄 · 조정 종가 문적(1989),경북 상주시 사벌면 삼덕리 산18-7번지 상주박물관 전시실내
서울,서울대학교박물관,서울대학교박물관,박물관,herit,5,곤여만국전도 · 차승자총통 · 이기룡 필 남지기로회도 · 독서당계회도,"서울 관악구 관악로 1, 박물관 (신림동,서울대학교)"
서울,세종대왕기념관,세종대왕기념관,박물관,herit,5,"대불정여래밀인수증요의제보살만행수능엄경(언해) 권7,8,9,10 · 몽산화상법어약록(언해)(1984-3) · 금강경삼가해 권1, 5 · 분류두공부시(언해) 권11","서울 동대문구 회기로 56, 세종대왕기념관 (청량리동)"
서울,육군박물관,육군박물관,박물관,herit,5,부산진순절도 · 동래부순절도 · 세총통 · 불랑기자포(1986),서울 노원구 공릉동 사서함 77-1호 육군박물관
속초,신흥사,속초 신흥사,절,herit,5,속초 신흥사 목조아미타여래삼존좌상 · 속초 신흥사 목조지장보살삼존상 · 속초 신흥사 극락보전 · 제진언집 목판,강원 속초시 설악동 170 신흥사 극락보전내
칠곡,송림사,칠곡 송림사,절,herit,5,칠곡 송림사 오층전탑 · 칠곡 송림사 목조석가여래삼존좌상 · 칠곡 송림사 석조아미타여래삼존좌상 · 칠곡 송림사 대웅전,"경북 칠곡군 동명면 송림길 73, 송림사 (구덕리)"
고성,옥천사,고성 옥천사,절,herit,4,고성 옥천사 청동북 · 고성 옥천사 지장보살도 및 시왕도 · 고성 옥천사 영산회 괘불도 및 함 · 고성 옥천사 자방루,"경남 고성군 개천면 연화산1로 471-9, 옥천사 (북평리)"
고흥,능가사,고흥 능가사,절,herit,4,고흥 능가사 대웅전 · 고흥 능가사 동종 · 고흥 능가사 목조석가여래삼존상 및 십육나한상 일괄 · 고흥 능가사 목조사천왕상,전남광주통합특별시 고흥군 점암면 팔봉길 21 (성기리) / (지번)전남 고흥군 점암면 성기리 369
괴산,각연사,괴산 각연사,절,herit,4,괴산 각연사 석조비로자나불좌상 · 괴산 각연사 통일대사탑비 · 괴산 각연사 통일대사탑 · 괴산 각연사 비로전,"충북 괴산군 칠성면 각연길 451, 각연사 (태성리)"
구미,대둔사,구미 대둔사,절,herit,4,구미 대둔사 건칠아미타여래좌상 · 구미 대둔사 대웅전 · 구미 대둔사 삼장보살도 · 구미 대둔사 경장,경북 구미시 옥성면 산촌옥관로 691-78 (옥관리)
남원,만복사지,남원 만복사지,절터,herit,4,남원 만복사지 오층석탑 · 남원 만복사지 석조대좌 · 남원 만복사지 당간지주 · 남원 만복사지 석조여래입상,전북 남원시 왕정동 481-1번지
대구,경북대학교박물관,경북대학교박물관,박물관,herit,4,분청사기 상감연화문 편병 · 석조비로자나불좌상 · 대구 무술명 오작비 · 봉화 북지리 석조반가상,"대구 북구 대학로 80, 경북대학교박물관 (산격동,경북대학교)"
서울,아모레퍼시픽미술관,아모레퍼시픽미술관,박물관,herit,4,수월관음도(2005) · 백자 달항아리(2005-4) · 분청사기 상감사각묘지 및 분청사기 인화문 사각편병 · 감지은니 대방광불화엄경,"서울특별시 용산구 한강대로 100 (한강로2가, 아모레퍼시픽미술관)"
양양,선림원지,양양 선림원지,절터,herit,4,양양 선림원지 삼층석탑 · 양양 선림원지 석등 · 양양 선림원지 홍각선사탑비 · 양양 선림원지 승탑,강원 양양군 서면 황이리 424번지
영동,영국사,영동 영국사,절,herit,4,영동 영국사 승탑 · 영동 영국사 삼층석탑 · 영동 영국사 원각국사비 · 영동 영국사 망탑봉 삼층석탑,충북 영동군 양산면 누교리 산138-1번지 영국사
강릉,보현사,강릉 보현사,절,herit,3,강릉 보현사 낭원대사탑 · 강릉 보현사 낭원대사탑비 · 강릉 보현사 목조문수보살좌상,"강원 강릉시 성산면 보현길 396, 보현사 (보광리)"
경주,보문사지,경주 보문사지,절터,herit,3,경주 보문사지 석조 · 경주 보문사지 당간지주 · 경주 보문사지 연화문 당간지주,경북 경주시 보문동 848-16번지
고창,문수사,고창 문수사,절,herit,3,고창 문수사 목조석가여래삼불좌상 · 고창 문수사 목조지장보살좌상 및 시왕상 일괄 · 고창 문수사 대웅전,"전북특별자치도 고창군 칠성길  135(고수면, 문수사)"
대구,용연사,대구 용연사,절,herit,3,달성 용연사 금강계단 · 대구 용연사 목조아미타여래삼존좌상 및 복장유물 · 달성 용연사 자운문,대구 달성군 옥포면 반송리 915번지 용연사
대구,파계사,대구 파계사,절,herit,3,대구 파계사 건칠관음보살좌상 및 복장유물 · 파계사 영산회상도 · 대구 파계사 원통전,"대구 동구 파계로 741, 파계사 (중대동)"
서울,한글박물관,한글박물관,박물관,herit,3,"월인석보 권9, 10 · 선종영가집(언해) 권하 · 재조본 유가사지론 권20","서울특별시 용산구 서빙고로 139 (용산동6가, 한글박물관)"
여주,목아불교박물관,목아불교박물관,박물관,herit,3,예념미타도량참법 권6~10(1992) · 묘법연화경 권1 · 대방광불화엄경 정원본 권24,"경기도 여주시 강문로 270-8 (강천면, 목아불교박물관)"
영덕,장륙사,영덕 장륙사,절,herit,3,영덕 장륙사 건칠관음보살좌상 · 영덕 장륙사 영산회상도 · 영덕 장륙사 지장시왕도,"경북 영덕군 창수면 장육사1길 172, 장육사 (갈천리)"
예천,예천박물관,예천박물관,박물관,herit,3,정탁 초상 · 정탁 문적 - 약포유고 및 고문서 · 사시찬요,"경상북도 예천군 복골길 150 (감천면, 예천박물관)"
의성,고운사,의성 고운사,절,herit,3,의성 고운사 석조여래좌상 · 의성 고운사 연수전 · 의성 고운사 가운루,경북 의성군 단촌면 고운사길 415 (구계리)
창원,해군사관학교박물관,해군사관학교박물관,박물관,herit,3,안중근의사 유묵 - 청초당 · 안중근의사 유묵 - 임적선진위장의무 · 중완구(1986-2),"경상남도 창원시 진해구 중원로 1 (남빈동, 해군사관학교 박물관) 사서함88-2-6"
합천,영암사지,합천 영암사지,절터,herit,3,합천 영암사지 쌍사자 석등 · 합천 영암사지 삼층석탑 · 합천 영암사지 귀부,경상남도 합천군 가회면 둔내리 1659
합천,청량사,합천 청량사,절,herit,3,합천 청량사 석등 · 합천 청량사 석조여래좌상 · 합천 청량사 삼층석탑,"경남 합천군 가야면 청량동길 144, 청량사 (황산리)"
강릉,굴산사지,강릉 굴산사지,절터,herit,2,강릉 굴산사지 승탑 · 강릉 굴산사지 당간지주,강원 강릉시 구정면 학산리 731번지
강릉,신복사지,강릉 신복사지,절터,herit,2,강릉 신복사지 석조보살좌상 · 강릉 신복사지 삼층석탑,강원 강릉시 내곡동 403-2번지
강진,백련사,강진 백련사,절,herit,2,강진 백련사 사적비 · 강진 백련사 대웅보전,"전남광주통합특별시 강진군 백련사길 145 (도암면, 백련사)"
강진,월남사지,강진 월남사지,절터,herit,2,강진 월남사지 삼층석탑 · 강진 월남사지 진각국사비,전남광주통합특별시 강진군 성전면 월남리 854번지
고양,태고사,고양 태고사,절,herit,2,고양 태고사 원증국사탑비 · 고양 태고사 원증국사탑,경기 고양시 덕양구 대서문길 406 (북한동) / (지번)경기 고양시 덕양구 북한동 15
곡성,도림사,곡성 도림사,절,herit,2,도림사 괘불탱 · 곡성 도림사 아미타여래설법도,"전남광주통합특별시 곡성군 도림로  175(곡성읍, 도림사)"
구미,금오서원,구미 금오서원,향교 · 서원,herit,2,구미 금오서원 정학당 · 구미 금오서원 상현묘,"경상북도 구미시 유학길 593-31 (선산읍, 금오서원)"
김제,귀신사,김제 귀신사,절,herit,2,김제 귀신사 대적광전 · 김제 귀신사 소조비로자나삼불좌상,"전북 김제시 금산면 청도6길 40, 귀신사 (청도리)"
김천,수도암,김천 수도암,절,herit,2,김천 청암사 수도암 석조보살좌상 · 김천 청암사 수도암 석조비로자나불좌상,"경북 김천시 증산면 수도길 1438, 청암사 (수도리)"
나주,다보사,나주 다보사,절,herit,2,다보사 괘불탱 · 나주 다보사 목조석가여래삼존상 및 소조십육나한좌상,"전남광주통합특별시 나주시 금성산길 83, 다보사 (경현동)"
나주,불회사,나주 불회사,절,herit,2,나주 불회사 대웅전 · 나주 불회사 건칠비로자나불좌상,전남광주통합특별시 나주시 다도면 다도로 1224-142 (마산리) / (지번)전남 나주시 다도면 마산리 999
남원,선원사,남원 선원사,절,herit,2,남원 선원사 철조여래좌상 · 남원 선원사 목조지장보살삼존상 및 소조시왕상 일괄,"전북 남원시 용성로 151, 선원사 (도통동)"
당진,안국사지,당진 안국사지,절터,herit,2,당진 안국사지 석조여래삼존입상 · 당진 안국사지 석탑,충청남도 당진시 원당골1길 188 (정미면)
동해,삼화사,동해 삼화사,절,herit,2,동해 삼화사 삼층석탑 · 동해 삼화사 철조노사나불좌상,"강원도 동해시 삼화로 584 (삼화동, 삼화사)"
보성,대원사,보성 대원사,절,herit,2,보성 대원사 지장보살도 및 시왕도 일괄 · 보성 대원사 극락전 관음보살 달마대사 벽화,"전남광주통합특별시 보성군 죽산길 506-8 (문덕면, 선방)"
부산,장안사,부산 장안사,절,herit,2,기장 장안사 대웅전 · 기장 장안사 석조석가여래삼불좌상,"부산광역시 기장군 장안사로  108(장안읍, 장안사)"
산청,단속사지,산청 단속사지,절터,herit,2,산청 단속사지 동 삼층석탑 · 산청 단속사지 서 삼층석탑,경남 산청군 단성면 운리 303-2번지
산청,율곡사,산청 율곡사,절,herit,2,산청 율곡사 대웅전 · 율곡사 괘불탱,경남 산청군 신등면 율곡사길 182 (율현리)
서울,(주)더프리마,서울 (주)더프리마,유적 · 석조물,herit,2,백자 청화매조죽문 병 · 백자 상감모란잎문 편병,서울특별시 강남구
서울,법장사,서울 법장사,절,herit,2,묘법연화경(2019) · 초조본 아비달마대비바사론 권175,"서울특별시 중랑구 숙선옹주로 69 (묵동, 대한불교조계종 법장사)"
서울,보타사,서울 보타사,절,herit,2,서울 보타사 금동보살좌상 · 서울 보타사 마애보살좌상,"서울특별시 성북구 개운사길 60-46 (안암동5가, 보타사)"
서울,서울공예박물관,서울공예박물관,박물관,herit,2,자수 사계분경도 · 자수가사,"서울특별시 종로구 율곡로3길 4 (안국동, 서울공예박물관)"
서울,성균관대학교 존경각,서울 성균관대학교 존경각,유적 · 석조물,herit,2,"춘추경좌씨전구해 권1∼9, 20∼29, 40∼70 · 유설경학대장","서울특별시 종로구 성균관로 25-2 (명륜3가, 성균관대학교)"
서울,성균관대학교박물관,성균관대학교박물관,박물관,herit,2,김천리 개국원종공신녹권 · 근묵,"서울특별시 종로구 성균관로  25-2(명륜3가, 성균관대학교 박물관)"
서울,청룡사,서울 청룡사,절,herit,2,서울 청룡사 석조지장보살삼존상 및 시왕상 일괄 · 서울 청룡사 비로자나불 삼신괘불도,"서울특별시 종로구 동망산길 65 (숭인동, 청룡사)"
서울,허준박물관,허준박물관,박물관,herit,2,신찬벽온방(2006) · 구급간이방 권6(2006),"서울 강서구 허준로 87, 허준박물관 (가양동)"
세종,비암사,세종 비암사,절,herit,2,세종 비암사 극락보전 · 세종 비암사 소조아미타여래좌상,"세종특별자치시 비암사길 137 (전의면, 비암사)"
세종,연화사(주지:이종숙),세종 연화사(주지:이종숙),유적 · 석조물,herit,2,세종시 연화사 무인명불비상 및 대좌 · 세종시 연화사 칠존불비상,세종특별자치시  연화사길 28-1 (월하리)
순천,금둔사지,순천 금둔사지,절터,herit,2,순천 금둔사지 삼층석탑 · 순천 금둔사지 석조불비상,전남광주통합특별시 순천시 수정암길 192 (낙안면)
순천,동화사,순천 동화사,절,herit,2,순천 동화사 삼층석탑 · 순천 동화사 목조석가여래삼불좌상,"전남광주통합특별시 순천시 별량면 동화사길 208, 동화사 (대룡리) / (지번)전남 순천시 별량면 대룡리 282 동화사"
안동,광흥사,안동 광흥사,절,herit,2,안동 광흥사 동종 · 안동 광흥사 응진전,"경상북도 안동시 광흥사길  105(서후면, 광흥사)"
영주,비로사,영주 비로사,절,herit,2,영주 비로사 석조아미타여래좌상 · 영주 비로사 석조비로자나불좌상,경북 영주시 풍기읍 삼가리 산17번지 비로사
영천,임고서원,영천 임고서원,향교 · 서원,herit,2,임고서원 전적 · 정몽주 초상(1991),"경상북도 영천시 포은로  447(임고면, 임고서원)"
예천,청룡사,예천 청룡사,절,herit,2,예천 청룡사 석조여래좌상 · 예천 청룡사 석조비로자나불좌상,경북 예천군 용문면 선리  521 외 1필지(520-2)
완주,위봉사,완주 위봉사,절,herit,2,완주 위봉사 보광명전 · 완주 위봉사 목조관음보살입상 및 지장보살입상,"전북 완주군 소양면 위봉길 53, 위봉사 (대흥리)"
용인,단국대학교석주선기념박물관,단국대학교석주선기념박물관,박물관,herit,2,유항선생시집 · 박지원 열하일기 초고본 일괄,"경기도 용인시 수지구 죽전로  152(죽전동, 단국대학교)"
원주,거돈사지,원주 거돈사지,절터,herit,2,원주 거돈사지 원공국사탑비 · 원주 거돈사지 삼층석탑,강원 원주시 부론면 정산리 144번지
원주,흥법사지,원주 흥법사지,절터,herit,2,원주 흥법사지 진공대사탑비 · 원주 흥법사지 삼층석탑,강원 원주시 지정면 안창리 517-2번지
의령,보천사지,의령 보천사지,절터,herit,2,의령 보천사지 삼층석탑 · 의령 보천사지 승탑,경남 의령군 의령읍 하리 797-1번지
의성,대곡사,의성 대곡사,절,herit,2,의성 대곡사 대웅전 · 의성 대곡사 범종루,경상북도 의성군 다인면 봉정리 894
익산,숭림사,익산 숭림사,절,herit,2,익산 숭림사 보광전 · 익산 숭림사 정혜원,"전북 익산시 웅포면 백제로 495-57, 숭림사 (송천리)"
인제,한계사지,인제 한계사지,절터,herit,2,인제 한계사지 남 삼층석탑 · 인제 한계사지 북 삼층석탑,강원 인제군 북면 한계리 90-4번지
임실,진구사지,임실 진구사지,절터,herit,2,임실 진구사지 석등 · 임실 진구사지 석조비로자나불좌상,전북 임실군 신평면 용암리 734번지
진안,금당사,진안 금당사,절,herit,2,금당사 괘불탱 · 강진 무위사 감역교지,"전라북도 진안군 마이산남로 217 (마령면, 금당사)"
천안,천흥사지,천안 천흥사지,절터,herit,2,천안 천흥사지 당간지주 · 천안 천흥사지 오층석탑,충남 천안시 서북구 성거읍 천흥4길 115-5 (천흥리)
청도,대비사,청도 대비사,절,herit,2,청도 대비사 대웅전 · 청도 대비사 영산회상도,"경북 청도군 금천면 박곡길 590, 대비사 (박곡리)"
통영,안정사,통영 안정사,절,herit,2,통영 안정사 영산회 괘불도 · 통영 안정사 동종,"경남 통영시 광도면 안정1길 363, 안정사 (안정리)"
하남,동사지,하남 동사지,절터,herit,2,하남 동사지 오층석탑 · 하남 동사지 삼층석탑,경기 하남시 춘궁동 466번지
함양,법인사,함양 법인사,절,herit,2,함양 법인사 목조아미타여래좌상 · 함양 법인사 감로왕도,"경남 함양군 안의면 금성길 14, 법인사 (금천리)"
해남,고산윤선도박물관,고산윤선도박물관,박물관,herit,2,해남 윤씨 가전 고화첩 일괄 · 윤선도 종가 문적,전남광주통합특별시 해남군 해남읍 녹우당길 130 (연동리)
가평,대원사,가평 대원사,절,herit,1,불과환오선사벽암록,"경기도 가평군 백둔로 21-162 (북면, 대원사 대웅전) 대웅전"
강릉,강릉시립박물관,강릉시립박물관,박물관,herit,1,강릉 한송사지 석조보살좌상,"강원 강릉시 율곡로3139번길 24, 강릉시립박물관 (죽헌동)"
강릉,경포대,강릉 경포대,유적 · 석조물,herit,1,강릉 경포대,"강원도 강릉시 경포로 365 (저동, 경포대)"
강릉,대성전,강릉 대성전,유적 · 석조물,herit,1,강릉향교 대성전,강원 강릉시 명륜로 29 (교동)
강릉,대창리 당간지주,강릉 대창리 당간지주,유적 · 석조물,herit,1,강릉 대창리 당간지주,강원 강릉시 옥천동 334번지
강릉,동무‧서무‧전랑,강릉 동무‧서무‧전랑,유적 · 석조물,herit,1,강릉향교 동무‧서무‧전랑,"강원도 강릉시 명륜로 29 (교동, 강릉향교)"
강릉,명륜당,강릉 명륜당,유적 · 석조물,herit,1,강릉향교 명륜당,"강원도 강릉시 명륜로 29 (교동, 강릉향교)"
강릉,수문리 당간지주,강릉 수문리 당간지주,유적 · 석조물,herit,1,강릉 수문리 당간지주,강원 강릉시 옥천동 43-9번지
강릉,칠사당,강릉 칠사당,유적 · 석조물,herit,1,강릉 칠사당,"강원도 강릉시 경강로 2045 (명주동, 칠사당)"
강릉,해운정,강릉 해운정,유적 · 석조물,herit,1,강릉 해운정,강원 강릉시 운정길 125 (운정동)
강진,고성사,강진 고성사,절,herit,1,강진 고성사 청동보살좌상,"전남광주통합특별시 강진군 고성길  260(강진읍, 고성사)"
강진,금곡사,강진 금곡사,절,herit,1,강진 금곡사 삼층석탑,"전남광주통합특별시 강진군 군동면 까치내로 261-21, 금곡사 (파산리) / (지번)전남 강진군 군동면 파산리 1012-2"
강진,정수사,강진 정수사,절,herit,1,강진 정수사 석가여래삼불좌상,전남광주통합특별시 강진군 정수사길 403 (대구면) 정수사
강진,해남윤씨 영모당,강진 해남윤씨 영모당,유적 · 석조물,herit,1,강진 해남윤씨 영모당,전남광주통합특별시 강진군 도암면 계라리 707
강진,해남윤씨 추원당,강진 해남윤씨 추원당,유적 · 석조물,herit,1,강진 해남윤씨 추원당,전남광주통합특별시 강진군 도암면 강정리 82
거제,기성관,거제 기성관,유적 · 석조물,herit,1,거제 기성관,"경상남도 거제시 읍내로2길 22 (거제면, 거제기성관)"
거제,총명사,거제 총명사,절,herit,1,예념미타도량참법 권6∼10(2024),"경상남도 거제시 신부로4길 40 (장승포동, 총명사)"
거창,가섭암지 마애여래삼존입상,거창 가섭암지 마애여래삼존입상,유적 · 석조물,herit,1,거창 가섭암지 마애여래삼존입상,경남 거창군 위천면 상천리 산6-2번지
거창,거창공립박물관,거창공립박물관,박물관,herit,1,연안이씨 종중 문적,"경상남도 거창군 수남로 2181 (거창읍, 거창공립박물관)"
거창,농산리 석조여래입상,거창 농산리 석조여래입상,유적 · 석조물,herit,1,거창 농산리 석조여래입상,경남 거창군 북상면 농산리 산53번지
거창,상림리 석조보살입상,거창 상림리 석조보살입상,유적 · 석조물,herit,1,거창 상림리 석조보살입상,경남 거창군 거창읍 미륵길 19-61 (상림리)
거창,심우사,거창 심우사,절,herit,1,거창 심우사 목조아미타여래좌상,"경남 거창군 거창읍 하동4길 77, 심우사 (대동리)"
거창,양평리 석조여래입상,거창 양평리 석조여래입상,유적 · 석조물,herit,1,거창 양평리 석조여래입상,경남 거창군 거창읍 노혜3길 6-33 (양평리)
경산,경흥사,경산 경흥사,절,herit,1,경산 경흥사 목조석가여래삼존좌상,"경상북도 경산시 모골길 196-55 (남천면, 경흥사)"
경산,불굴사,경산 불굴사,절,herit,1,경산 불굴사 삼층석탑,"경상북도 경산시 불굴사길  205(와촌면, 불굴사)"
경산,선본사,경산 선본사,절,herit,1,경산 팔공산 관봉 석조여래좌상,"경북 경산시 와촌면 갓바위로81길 176-64, 선본사 (대한리)"
경산,영남대학교박물관,영남대학교박물관,박물관,herit,1,분청사기 상감모란문 매병,"경북 경산시 대학로 280, 영남대학교박물관 (대동,영남대학교)"
경산,환성사,경산 환성사,절,herit,1,경산 환성사 대웅전,"경북 경산시 하양읍 환성로 392-30, 환성사 (사기리)"
경주,(전)염불사지,경주 (전)염불사지,절터,herit,1,경주 (전)염불사지 동·서 삼층석탑,경상북도 경주시 남산동 1129-3
경주,골굴암,경주 골굴암,절,herit,1,경주 골굴암 마애여래좌상,경북 경주시 양북면 안동리 산304번지
경주,굴불사지,경주 굴불사지,절터,herit,1,경주 굴불사지 석조사면불상,경북 경주시 동천동 산4번지
경주,귀래정,경주 귀래정,유적 · 석조물,herit,1,경주 귀래정,경상북도 경주시 천서길 7 (강동면)
경주,남간사지,경주 남간사지,절터,herit,1,경주 남간사지 당간지주,경북 경주시 탑동 858-6번지
경주,남사리 삼층석탑,경주 남사리 삼층석탑,유적 · 석조물,herit,1,경주 남사리 삼층석탑,경북 경주시 현곡면 남사리 234-2번지
경주,남산 미륵곡 석조여래좌상,경주 남산 미륵곡 석조여래좌상,유적 · 석조물,herit,1,경주 남산 미륵곡 석조여래좌상,경북 경주시 배반동 산66-2번지
경주,남산 불곡 마애여래좌상,경주 남산 불곡 마애여래좌상,유적 · 석조물,herit,1,경주 남산 불곡 마애여래좌상,경북 경주시 인왕동 산56번지
경주,남산 신선암 마애보살반가상,경주 남산 신선암 마애보살반가상,유적 · 석조물,herit,1,경주 남산 신선암 마애보살반가상,경북 경주시 남산동 산36-4번지
경주,남산 용장계 지곡 제3사지 삼층석탑,경주 남산 용장계 지곡 제3사지 삼층석탑,유적 · 석조물,herit,1,경주 남산 용장계 지곡 제3사지 삼층석탑,경상북도 경주시 남산동 산 36-4
경주,남산 용장사곡 삼층석탑,경주 남산 용장사곡 삼층석탑,유적 · 석조물,herit,1,경주 남산 용장사곡 삼층석탑,경북 경주시 내남면 용장리 산1-1번지
경주,남산 용장사곡 석조여래좌상,경주 남산 용장사곡 석조여래좌상,유적 · 석조물,herit,1,경주 남산 용장사곡 석조여래좌상,경북 경주시 내남면 용장리 산1-1번지
경주,남산 용장사지 마애여래좌상,경주 남산 용장사지 마애여래좌상,유적 · 석조물,herit,1,경주 남산 용장사지 마애여래좌상,경북 경주시 내남면 용장리 산1-1번지
경주,남산 창림사지 삼층석탑,경주 남산 창림사지 삼층석탑,유적 · 석조물,herit,1,경주 남산 창림사지 삼층석탑,경상북도 경주시 배동 산 6-1
경주,남산 천룡사지 삼층석탑,경주 남산 천룡사지 삼층석탑,유적 · 석조물,herit,1,경주 남산 천룡사지 삼층석탑,경북 경주시 내남면 용장리 875-2번지
경주,남산 탑곡 마애불상군,경주 남산 탑곡 마애불상군,유적 · 석조물,herit,1,경주 남산 탑곡 마애불상군,"경북 경주시 배반동 산72, 산79"
경주,남산동 동·서 삼층석탑,경주 남산동 동·서 삼층석탑,유적 · 석조물,herit,1,경주 남산동 동·서 삼층석탑,경북 경주시 남산동 227-3번지
경주,낭산 마애보살삼존좌상,경주 낭산 마애보살삼존좌상,유적 · 석조물,herit,1,경주 낭산 마애보살삼존좌상,경북 경주시 배반동 산18-3번지
경주,대성전,경주 대성전,유적 · 석조물,herit,1,경주향교 대성전,"경상북도 경주시 교촌안길  27-20(교동, 경주향교)"
경주,독락당,경주 독락당,유적 · 석조물,herit,1,경주 독락당,경북 경주시 안강읍 옥산서원길 300-3 (옥산리)
경주,동무‧서무‧신삼문,경주 동무‧서무‧신삼문,유적 · 석조물,herit,1,경주향교 동무‧서무‧신삼문,"경상북도 경주시 교촌안길 27-20 (교동, 경주향교)"
경주,마동 삼층석탑,경주 마동 삼층석탑,유적 · 석조물,herit,1,경주 마동 삼층석탑,"경북 경주시 마동 101-2, 101-3"
경주,망덕사지,경주 망덕사지,절터,herit,1,경주 망덕사지 당간지주,경북 경주시 배반동 964-2번지
경주,명륜당,경주 명륜당,유적 · 석조물,herit,1,경주향교 명륜당,"경상북도 경주시 교촌안길 27-20 (교동, 경주향교)"
경주,미탄사지,경주 미탄사지,절터,herit,1,경주 미탄사지 삼층석탑,"경상북도 경주시 구황동 433-4 외 2필지(436-3,441)"
경주,배동 석조여래삼존입상,경주 배동 석조여래삼존입상,유적 · 석조물,herit,1,경주 배동 석조여래삼존입상,경상북도 경주시 배동 산 65-1
경주,삼랑사지,경주 삼랑사지,절터,herit,1,경주 삼랑사지 당간지주,경북 경주시 성건동 129-1번지
경주,서악동 귀부,경주 서악동 귀부,유적 · 석조물,herit,1,경주 서악동 귀부,경북 경주시 서악동 1006-1번지
경주,서악동 마애여래삼존입상,경주 서악동 마애여래삼존입상,유적 · 석조물,herit,1,경주 서악동 마애여래삼존입상,경상북도 경주시 서악동 산 92-1
경주,서악동 삼층석탑,경주 서악동 삼층석탑,유적 · 석조물,herit,1,경주 서악동 삼층석탑,경북 경주시 서악동 705-1번지
경주,석빙고,경주 석빙고,유적 · 석조물,herit,1,경주 석빙고,경북 경주시 인왕동 449-1번지
경주,양동 관가정,경주 양동 관가정,유적 · 석조물,herit,1,경주 양동 관가정,경북 경주시 강동면 양동마을길 121-47 (양동리)
경주,양동 무첨당,경주 양동 무첨당,유적 · 석조물,herit,1,경주 양동 무첨당,경북 경주시 강동면 양동마을안길 32-19 (양동리)
경주,양동 향단,경주 양동 향단,유적 · 석조물,herit,1,경주 양동 향단,경상북도 경주시 양동마을길  121-83(강동면)
경주,용명리 삼층석탑,경주 용명리 삼층석탑,유적 · 석조물,herit,1,경주 용명리 삼층석탑,경북 경주시 건천읍 용명리 856-7번지
경주,원성왕릉 석상 및 석주일괄,경주 원성왕릉 석상 및 석주일괄,유적 · 석조물,herit,1,경주 원성왕릉 석상 및 석주일괄,"경북 경주시 외동읍 괘릉리 산17, 611-4"
경주,원원사지,경주 원원사지,절터,herit,1,경주 원원사지 동·서 삼층석탑,경북 경주시 외동읍 모화리 산12-3번지
경주,율동 마애여래삼존입상,경주 율동 마애여래삼존입상,유적 · 석조물,herit,1,경주 율동 마애여래삼존입상,경북 경주시 두대안길 69 (율동)
경주,천군동 동·서 삼층석탑,경주 천군동 동·서 삼층석탑,유적 · 석조물,herit,1,경주 천군동 동·서 삼층석탑,"경북 경주시 천군동 550-2번지 ,550-3"
경주,황남동 효자 손시양 정려비,경주 황남동 효자 손시양 정려비,유적 · 석조물,herit,1,경주 황남동 효자 손시양 정려비,경북 경주시 황남동 240-3번지
경주,효현동 삼층석탑,경주 효현동 삼층석탑,유적 · 석조물,herit,1,경주 효현동 삼층석탑,경북 경주시 효현동 419-1번지
고령,장기리 암각화,고령 장기리 암각화,유적 · 석조물,herit,1,고령 장기리 암각화,경상북도 고령군 아래알터길 15-5 (대가야읍)
고령,지산리 당간지주,고령 지산리 당간지주,유적 · 석조물,herit,1,고령 지산리 당간지주,경북 고령군 고령읍 지산리 3-5번지
고성,건봉사,고성 건봉사,절,herit,1,고성 건봉사 능파교,강원 고성군 거진읍 건봉사로 723 (냉천리)
고성,쌍계사,고성 쌍계사,절,herit,1,고성 운흥사 관음보살도,"경남 고성군 하이면 와룡2길 248-28, 운흥사 (와룡리)"
고성,운흥사,고성 운흥사,절,herit,1,운흥사 괘불탱 및 궤,경남 고성군 하이면 와룡2길 248-28 (와룡리)
고성,육송정 홍교,고성 육송정 홍교,유적 · 석조물,herit,1,고성 육송정 홍교,강원 고성군 간성읍 해상리 1041번지
고흥,금탑사,고흥 금탑사,절,herit,1,금탑사 괘불탱,전남광주통합특별시 고흥군 포두면 금탑로 842 (봉림리)
고흥,여산송씨 쌍충 정려각,고흥 여산송씨 쌍충 정려각,유적 · 석조물,herit,1,고흥 여산송씨 쌍충 정려각,"전남광주통합특별시 고흥군 마륜마서길 49-6 (동강면, 재실)"
곡성,가곡리 오층석탑,곡성 가곡리 오층석탑,유적 · 석조물,herit,1,곡성 가곡리 오층석탑,전남광주통합특별시 곡성군 오산면 가곡리 2번지
광명,충현박물관,충현박물관,박물관,herit,1,이원익 초상,"경기 광명시 오리로347번길 5-6, 충현박물관 (소하동)"
광양,중흥산성 삼층석탑,광양 중흥산성 삼층석탑,유적 · 석조물,herit,1,광양 중흥산성 삼층석탑,전남광주통합특별시 광양시 옥룡면 중흥로 263-100 (운평리) / (지번)전남 광양시 옥룡면 운평리 90-1
광주,광주역사민속박물관,광주역사민속박물관,박물관,herit,1,정지장군 갑옷,"전남광주통합특별시 북구 서하로 48-25 (용봉동, 광주역사민속박물관)"
광주,대법사,광주 대법사,절,herit,1,대불정여래밀인수증요의제보살만행수능엄경(언해) 권3(2010),"경기도 광주시 현산로361번길 29-11 (초월읍, 대법사)"
광주,덕림사,광주 덕림사,절,herit,1,광주 덕림사 목조지장보살삼존상 및 시왕상 일괄,"전남광주통합특별시 남구 월산로116번길 22 (월산동, 덕림사)"
광주,불상:자운사,광주 불상:자운사,절,herit,1,광주 자운사 목조아미타여래좌상 및 복장유물,"전남광주통합특별시 동구 지호로106번길 8-8, 자운사 (지산동)"
광주,성거사지,광주 성거사지,절터,herit,1,(전)광주 성거사지 오층석탑,전남광주통합특별시 남구 서오층석탑2길 17 (구동) 광주 남구 구동 16-2
광주,수어장대,광주 수어장대,유적 · 석조물,herit,1,남한산성 수어장대,경기도 광주시 남한산성면 산성리 815-1
광주,숭렬전,광주 숭렬전,유적 · 석조물,herit,1,남한산성 숭렬전,경기도 광주시 남한산성면 산성리 717
광주,약사암,광주 약사암,절,herit,1,광주 약사암 석조여래좌상,"전남광주통합특별시 동구 증심사길160번길 89, 약사암 (운림동) / (지번)광주 동구 운림동 11"
광주,연무관,광주 연무관,유적 · 석조물,herit,1,남한산성 연무관,경기도 광주시 남한산성면 산성리 400-1
광주,증심사,광주 증심사,절,herit,1,광주 증심사 철조비로자나불좌상,"전남광주통합특별시 동구 증심사길 177, 증심사 (운림동)"
광주,지산동 오층석탑,광주 지산동 오층석탑,유적 · 석조물,herit,1,광주 지산동 오층석탑,전남광주통합특별시 동구 지산2동 448-4번지
괴산,보안사,괴산 보안사,절,herit,1,괴산 보안사 삼층석탑,충북 괴산군 청안면 효근1길 23 (효근리)
괴산,원풍리 마애이불병좌상,괴산 원풍리 마애이불병좌상,유적 · 석조물,herit,1,괴산 원풍리 마애이불병좌상,충북 괴산군 연풍면 원풍리 산124-2번지
구례,남원윤씨종중,구례 남원윤씨종중,유적 · 석조물,herit,1,구례 윤문효공 신도비,전남광주통합특별시 구례군 산동면 이평리 산91-1번지
구례,논곡리 삼층석탑,구례 논곡리 삼층석탑,유적 · 석조물,herit,1,구례 논곡리 삼층석탑,전남광주통합특별시 구례군 구례읍 논곡리 산51-1번지
구리,동구릉 건원릉 정자각,구리 동구릉 건원릉 정자각,유적 · 석조물,herit,1,구리 동구릉 건원릉 정자각,경기도 구리시 동구릉로 197 (인창동)
구리,동구릉 목릉 정자각,구리 동구릉 목릉 정자각,유적 · 석조물,herit,1,구리 동구릉 목릉 정자각,경기도 구리시 동구릉로 197 (인창동)
구리,동구릉 숭릉 정자각,구리 동구릉 숭릉 정자각,유적 · 석조물,herit,1,구리 동구릉 숭릉 정자각,경기도 구리시 동구릉로 197 (인창동)
구미,금오산 마애여래입상,구미 금오산 마애여래입상,유적 · 석조물,herit,1,구미 금오산 마애여래입상,경상북도 구미시 남통동 산 33
구미,낙산리 삼층석탑,구미 낙산리 삼층석탑,유적 · 석조물,herit,1,구미 낙산리 삼층석탑,경북 구미시 해평면 낙산리 837-4번지
구미,도리사,구미 도리사,절,herit,1,구미 도리사 석탑,"경북 구미시 해평면 도리사로 526, 도리사 (송곡리)"
구미,보천사,구미 보천사,절,herit,1,구미 해평리 석조여래좌상,"경상북도 구미시 해평4길  86(해평면, 보천사)"
구미,수다사,구미 수다사,절,herit,1,구미 수다사 영산회상도,"경상북도 구미시 수다사길  183(무을면, 수다사)"
구미,자비사,구미 자비사,절,herit,1,몽산화상법어약록(언해)(1989),"경상북도 구미시 도군로 142-24 (도개면, 자비사)"
구미,황상동 마애여래입상,구미 황상동 마애여래입상,유적 · 석조물,herit,1,구미 황상동 마애여래입상,경상북도 구미시 황상동 산 90-14
군산,발산리 석등,군산 발산리 석등,유적 · 석조물,herit,1,군산 발산리 석등,전북 군산시 개정면 바르메길 43 (발산리)
군산,발산리 오층석탑,군산 발산리 오층석탑,유적 · 석조물,herit,1,군산 발산리 오층석탑,전북 군산시 개정면 바르메길 43 (발산리)
금산,신안사,금산 신안사,절,herit,1,금산 신안사 대광전,"충청남도 금산군 신안사로  970 (제원면, 신안사)"
금산,영천암,금산 영천암,절,herit,1,금산 영천암 무량수각,"충청남도 금산군 보석사1길  148(남이면, 영천암)"
김제,내아,김제 내아,유적 · 석조물,herit,1,김제 내아,전라북도 김제시 동헌4길 46-1 (교동)
김제,청룡사,김제 청룡사,절,herit,1,김제 청룡사 목조관음보살좌상,"전라북도 김제시 모악15길 80-122 (금산면, 청룡사)"
김천,갈항사지,김천 갈항사지,절터,herit,1,김천 갈항사지 석조여래좌상,경북 김천시 남면 오봉리 65-1번지
김천,광덕리 석조보살입상,김천 광덕리 석조보살입상,유적 · 석조물,herit,1,김천 광덕리 석조보살입상,경북 김천시 감문면 광덕리 산71번지
김천,방초정,김천 방초정,유적 · 석조물,herit,1,김천 방초정,경상북도 김천시 구성면 상원리 83
김천,직지사성보박물관,직지사성보박물관,박물관,herit,1,상주 남장사 감로왕도,경상북도 김천시 직지사길 95 (대항면) 직지사성보박물관
김천,직지성보박물관,직지성보박물관,박물관,herit,1,김천 고방사 아미타여래설법도,"경상북도 김천시 직지사길 95 (대항면, 직지성보박물관)"
김천,청암사,김천 청암사,절,herit,1,김천 청암사 수도암 동·서 삼층석탑,"경북 김천시 증산면 수도길 1438, 청암사 (수도리)"
김해,김해한글박물관,김해한글박물관,박물관,herit,1,선조국문유서,"경상남도 김해시 분성로 221 (외동, 김해한글박물관)"
김해,원명사,김해 원명사,절,herit,1,묘법연화경 권4~7(1988),"경남 김해시 대동면 대동로529번길 83, 원명사 (초정리)"
나주,금성관,나주 금성관,유적 · 석조물,herit,1,나주 금성관,"전남광주통합특별시 나주시 금성관길 8 (과원동, 나주금성관)"
나주,대성전,나주 대성전,유적 · 석조물,herit,1,나주향교 대성전,"전남광주통합특별시 나주시 향교길  38(교동, 나주향교)"
나주,동점문 밖 석당간,나주 동점문 밖 석당간,유적 · 석조물,herit,1,나주 동점문 밖 석당간,전남광주통합특별시 나주시 성북동 229-9번지
나주,북망문 밖 삼층석탑,나주 북망문 밖 삼층석탑,유적 · 석조물,herit,1,나주 북망문 밖 삼층석탑,전남광주통합특별시 나주시 건재로 41-1 (대호동) / (지번)전남 나주시 대호동 824
나주,심향사,나주 심향사,절,herit,1,나주 심향사 건칠아미타여래좌상,"전남광주통합특별시 나주시 건재로 41-1, 심향사 (대호동)"
나주,운흥사,나주 운흥사,절,herit,1,불조삼경(2012),"전남광주통합특별시 나주시 암정로 398 (다도면, 운흥사)"
나주,죽림사,나주 죽림사,절,herit,1,죽림사 세존 괘불탱,"전남광주통합특별시 나주시 풍림죽림길 255 (남평읍, 나주죽림사극락보전)"
나주,철천리 마애칠불상,나주 철천리 마애칠불상,유적 · 석조물,herit,1,나주 철천리 마애칠불상,전남광주통합특별시 나주시 봉황면 철천리 산124-11번지
나주,철천리 석조여래입상,나주 철천리 석조여래입상,유적 · 석조물,herit,1,나주 철천리 석조여래입상,전남광주통합특별시 나주시 봉황면 철천리 산124-11번지
남양주,불암사,남양주 불암사,절,herit,1,남양주 불암사 목조관음보살좌상,"경기도 남양주시 불암산로 190 (별내동, 불암사)"
남양주,실학박물관,실학박물관,박물관,herit,1,혼개통헌의,"경기도 남양주시 다산로747번길 16 (조안면, 문화재관리용건축물) 실학박물관"
남양주,흥국사,남양주 흥국사,절,herit,1,남양주 흥국사 소조석가여래삼존좌상 및 16나한상 일괄,"경기도 남양주시 덕릉로1071번길 58 (별내동, 흥국사)"
남원,개령암지 마애불상군,남원 개령암지 마애불상군,유적 · 석조물,herit,1,남원 개령암지 마애불상군,전북 남원시 산내면 덕동리 산215번지
남원,금산사,남원 금산사,절,herit,1,백장암 청동 은입사 향로,"전북 남원시 산내면 천왕봉로 447-76, 백장암 (대정리)"
남원,대복사,남원 대복사,절,herit,1,남원 대복사 동종,"전북특별자치도 남원시 대복사길 61 (왕정동, 대복사)"
남원,성보박물관,성보박물관,박물관,herit,1,남원 선국사 건칠아미타여래좌상 및 복장유물,"전북특별자치도 남원시 산성길  239(산곡동, 선국사 ) 선국사      * 복장유물 (김제 금산사 성보박물관)"
남원,신계리 마애여래좌상,남원 신계리 마애여래좌상,유적 · 석조물,herit,1,남원 신계리 마애여래좌상,전북 남원시 대산면 신계리 산18번지
남원,용담사지,남원 용담사지,절터,herit,1,남원 용담사지 석조여래입상,전북 남원시 주천면 원천로 165-12 (용담리)
남해,부소암,남해 부소암,절,herit,1,대방광불화엄경 진본 권53,"경상남도 남해군 보리암로 693 (상주면, 부소암)"
논산,개태사,논산 개태사,절,herit,1,논산 개태사지 석조여래삼존입상,"충청남도 논산시 계백로  2614-11(연산면, 개태사)"
논산,노강서원,논산 노강서원,향교 · 서원,herit,1,논산 노강서원 강당,"충청남도 논산시 오강길  56-5(광석면, 노강서원)"
논산,쌍계사,논산 쌍계사,절,herit,1,논산 쌍계사 대웅전,"충남 논산시 양촌면 중산길 192, 쌍계사 (중산리)"
논산,쌍계사 불교중앙박물관,쌍계사 불교중앙박물관,박물관,herit,1,논산 쌍계사 소조석가여래삼불좌상,충청남도 논산시 중산길 192 (양촌면)
단양,방곡사,단양 방곡사,절,herit,1,묘법연화경 권7(1988),"충청북도 단양군 방곡3길 31 (대강면, 방곡사)"
단양,향산리 삼층석탑,단양 향산리 삼층석탑,유적 · 석조물,herit,1,단양 향산리 삼층석탑,충북 단양군 가곡면 향산1길 24 (향산리)
담양,개선사지,담양 개선사지,절터,herit,1,담양 개선사지 석등,전남광주통합특별시 담양군 가사문학면 학선리 593-2
담양,객사리 석당간,담양 객사리 석당간,유적 · 석조물,herit,1,담양 객사리 석당간,전남광주통합특별시 담양군 담양읍 객사리 45번지
담양,남산리 오층석탑,담양 남산리 오층석탑,유적 · 석조물,herit,1,담양 남산리 오층석탑,전남광주통합특별시 담양군 담양읍 남산리 342번지
담양,용화사,담양 용화사,절,herit,1,불조역대통재,"전남광주통합특별시 담양군 담양읍 남촌길 77, 용화사 (남산리)"
담양,용흥사,담양 용흥사,절,herit,1,담양 용흥사 동종,"전남광주통합특별시 담양군 월산면 용흥사길 442, 용흥사 (용흥리)"
담양,창평향교 대성전,담양 창평향교 대성전,유적 · 석조물,herit,1,담양 창평향교 대성전,전남광주통합특별시 담양군 교촌길 43-11 (고서면)
담양,창평향교 명륜당,담양 창평향교 명륜당,유적 · 석조물,herit,1,담양 창평향교 명륜당,전남광주통합특별시 담양군 교촌길 43-11 (고서면)
당진,신암사,당진 신암사,절,herit,1,당진 신암사 금동여래좌상,"충청남도 당진시 가교길 144-9 (송악읍, 신암사)"
당진,영탑사,당진 영탑사,절,herit,1,당진 영탑사 금동비로자나불삼존좌상,"충청남도 당진시 성하로 139-33 (면천면, 영탑사)"
대구,경상감영 선화당,대구 경상감영 선화당,유적 · 석조물,herit,1,대구 경상감영 선화당,"대구광역시 중구 경상감영길 99 (포정동, 감영공원)"
대구,고원사,대구 고원사,절,herit,1,금강반야바라밀경 및 제경,"대구광역시 군위군 송백로 1365 (소보면, 대한불교조계종 고원사)"
대구,대율사,대구 대율사,절,herit,1,군위 대율리 석조여래입상,대구광역시 군위군 부계면 대율리 691
대구,법주사,대구 법주사,절,herit,1,군위 법주사 괘불도,대구광역시 군위군 달산3길 215 (소보면)
대구,북지장사,대구 북지장사,절,herit,1,대구 북지장사 지장전,대구 동구 도장길 243 (도학동)
대구,산격동 사자 주악장식 승탑,대구 산격동 사자 주악장식 승탑,유적 · 석조물,herit,1,대구 산격동 사자 주악장식 승탑,대구 북구 산격3동 1370번지 경북대학교박물관
대구,산격동 연화 운룡장식 승탑,대구 산격동 연화 운룡장식 승탑,유적 · 석조물,herit,1,대구 산격동 연화 운룡장식 승탑,대구 북구 산격3동 1370번지 경북대학교박물관
대구,서봉사,대구 서봉사,절,herit,1,대구 서봉사 지장시왕도,"대구광역시 남구 명덕로54길 31 (이천동, 서봉사)"
대구,용문사,대구 용문사,절,herit,1,대승기신론소 권하,"대구광역시 달성군 화원휴양림길 132 (화원읍, 용문사)"
대구,운흥사 동화사성보박물관(발원문 1점),대구 운흥사 동화사성보박물관(발원문 1점),유적 · 석조물,herit,1,대구 운흥사 목조아미타여래삼존좌상,"대구광역시 달성군 헐티로 1068 (가창면, 운흥사)"
대구,인각사,대구 인각사,절,herit,1,군위 인각사 보각국사탑 및 비,"대구광역시 군위군 삼국유사면 화북리 612 , 613-8"
대구,지보사,대구 지보사,절,herit,1,군위 지보사 삼층석탑,"대구광역시 군위군 상곡길  233(군위읍, 지보사)"
대구,태고정,대구 태고정,유적 · 석조물,herit,1,달성 태고정,"대구광역시 달성군 육신사길  64(하빈면, 육신사)"
대구,하목정,대구 하목정,유적 · 석조물,herit,1,달성 하목정,"대구광역시 달성군 하목정길  56-10(하빈면, 하목정)"
대구,행소박물관,행소박물관,박물관,herit,1,진주성도,"대구 달서구 달구벌대로 1095, 행소박물관 (신당동,계명대학교성서캠퍼스)"
대전,비래사,대전 비래사,절,herit,1,대전 비래사 목조비로자나불좌상,대전광역시 대덕구 비래골길 47-74 (비래동)
목포,달성사,목포 달성사,절,herit,1,목포 달성사 목조지장보살삼존상 및 시왕상 일괄,"전남광주통합특별시 목포시 유달로 173 (죽교동, 대한불교조계종 달성사)"
무안,목우암,무안 목우암,절,herit,1,무안 목우암 목조아미타여래삼존상,"전남광주통합특별시 무안군 법천길 482-85 (몽탄면, 목우암)"
무주,안국사,무주 안국사,절,herit,1,안국사 영산회 괘불탱,"전북특별자치도 무주군 산성로  1050(적상면, 안국사)"
무주,한풍루,무주 한풍루,유적 · 석조물,herit,1,무주 한풍루,"전라북도 무주군 한풍루로 326-5 (무주읍, 한풍루)"
문경,김룡사,문경 김룡사,절,herit,1,문경 김룡사 영산회 괘불도,"경북 문경시 산북면 김용길 372, 김용사 (김용리)"
문경,내화리 삼층석탑,문경 내화리 삼층석탑,유적 · 석조물,herit,1,문경 내화리 삼층석탑,경북 문경시 산북면 내화리 47-1번지
밀양,무봉사,밀양 무봉사,절,herit,1,밀양 무봉사 석조여래좌상,"경남 밀양시 영남루1길 16-11, 무봉사 (내일동)"
밀양,소태리 오층석탑,밀양 소태리 오층석탑,유적 · 석조물,herit,1,밀양 소태리 오층석탑,경남 밀양시 청도면 소태리 1138-2번지
밀양,숭진리 삼층석탑,밀양 숭진리 삼층석탑,유적 · 석조물,herit,1,밀양 숭진리 삼층석탑,경남 밀양시 삼랑진읍 숭진리 412-1번지
보성,벌교 홍교,보성 벌교 홍교,유적 · 석조물,herit,1,보성 벌교 홍교,전남광주통합특별시 보성군 벌교읍 벌교리 154-1번지
보성,봉천리 오층석탑,보성 봉천리 오층석탑,유적 · 석조물,herit,1,보성 봉천리 오층석탑,전남광주통합특별시 보성군 복내면 봉천리 767-1번지
보성,우종미술관,우종미술관,박물관,herit,1,상교정본자비도량참법 권7∼10,전남광주통합특별시 보성군 조성면 대곡리 산46번지 우종미술관
보성,우천리 삼층석탑,보성 우천리 삼층석탑,유적 · 석조물,herit,1,보성 우천리 삼층석탑,전남광주통합특별시 보성군 조성면 우천리 326-17번지
보성,유신리 마애여래좌상,보성 유신리 마애여래좌상,유적 · 석조물,herit,1,보성 유신리 마애여래좌상,전남광주통합특별시 보성군 율어면 유신길 195 (유신리) / (지번)전남 보성군 율어면 유신리 산125-1
봉화,서동리 동·서 삼층석탑,봉화 서동리 동·서 삼층석탑,유적 · 석조물,herit,1,봉화 서동리 동·서 삼층석탑,경북 봉화군 춘양면 서원촌길 8-14 (서동리)
봉화,청암정,봉화 청암정,유적 · 석조물,herit,1,봉화 청암정,"경상북도 봉화군 충재길 44 (봉화읍, 충재권벌선생 관계유적)"
봉화,한수정,봉화 한수정,유적 · 석조물,herit,1,봉화 한수정,경상북도 봉화군 춘양면 의양리 134
부산,관음사,부산 관음사,절,herit,1,"대방광원각수다라요의경(언해) 권하1의1~2, 2의1~2","부산광역시 사하구 제석로79번길 33 (당리동, 관음사)"
부산,국청사,부산 국청사,절,herit,1,부산 국청사 청동북,"부산광역시 금정구 북문로  42(금성동, 국청사)"
부산,대각사,부산 대각사,절,herit,1,묘법연화경 권5~7(2016),"부산광역시 중구 광복중앙로  19(신창동1가, 대각사)"
부산,대한불교법화종 선광사,부산 대한불교법화종 선광사,절,herit,1,예념미타도량참법 권6∼10,부산광역시 사상구 백양대로804번길 42-123 (덕포동) 선광사
부산,동의대학교박물관,동의대학교박물관,박물관,herit,1,김해 양동리 322호분 출토 목걸이,"부산광역시 부산진구 엄광로 176 (가야동, 동의대학교) 동의대학교박물관"
부산,묘관음사,부산 묘관음사,절,herit,1,인천안목(1991),"부산광역시 기장군 해맞이로 253-38 (장안읍, 묘관음사)"
부산,법화사,부산 법화사,절,herit,1,묘법연화경 권4~7(2013),"부산광역시 영도구 중복길 490 (봉래동4가, 법화사)"
부산,운수사,부산 운수사,절,herit,1,부산 운수사 대웅전,"부산광역시 사상구 모라로219번길 173 (모라동, 운수사)"
부산,재단법인 선학원 수능엄사,부산 재단법인 선학원 수능엄사,절,herit,1,금강반야경소론찬요조현록(2024),부산광역시 강서구 낙동남로 754-16 (녹산동) 수능엄사
부산,한국순교자박물관,한국순교자박물관,박물관,herit,1,조선왕조의궤(2016-6),부산광역시 금정구 오륜대로 106-1 (부곡동)
부여,대조사,부여 대조사,절,herit,1,부여 대조사 석조미륵보살입상,충남 부여군 임천면 성흥로197번길 112 (구교리)
부여,오덕사,부여 오덕사,절,herit,1,오덕사 괘불탱,충남 부여군 충화면 오덕로86번길 105 (오덕리)
부여,장하리 삼층석탑,부여 장하리 삼층석탑,유적 · 석조물,herit,1,부여 장하리 삼층석탑,충남 부여군 장암면 장하리 536번지
부천,석왕사,부천 석왕사,절,herit,1,불조삼경(2023),"경기도 부천시 소사로 367 (원미동, 석왕사)"
사천,경남 사천시청,사천 경남 사천시청,유적 · 석조물,herit,1,조선왕조의궤(2016-4),"경상남도 사천시 시청로 77 (용현면, 사천시청)"
사천,흥사리 매향비,사천 흥사리 매향비,유적 · 석조물,herit,1,사천 흥사리 매향비,경남 사천시 곤양면 흥사리 산48-2번지
산청,겁외사,산청 겁외사,절,herit,1,선종영가집(언해)(2010),경남 산청군 단성면 묵곡리 210번지 겁외사
산청,단성향교 명륜당,산청 단성향교 명륜당,유적 · 석조물,herit,1,산청 단성향교 명륜당,"경상남도 산청군 교동길 13-15 (단성면, 단성향교)"
산청,대포리 삼층석탑,산청 대포리 삼층석탑,유적 · 석조물,herit,1,산청 대포리 삼층석탑,경남 산청군 삼장면 대포리 573번지
산청,법계사,산청 법계사,절,herit,1,산청 법계사 삼층석탑,"경남 산청군 시천면 지리산대로 320-292, 법계사 (중산리)"
삼척,삼척시립박물관,삼척시립박물관,박물관,herit,1,조선왕조의궤(2016-9),"강원도 삼척시 엑스포로 54 (성남동, 삼척시립박물관)"
상주,대산루,상주 대산루,유적 · 석조물,herit,1,상주 대산루,경상북도 상주시 채릉산로 799-46 (외서면)
상주,대성전‧동무‧서무,상주 대성전‧동무‧서무,유적 · 석조물,herit,1,상주향교 대성전‧동무‧서무,경상북도 상주시 신봉2길 111 (신봉동)
상주,복용동 석조여래좌상,상주 복용동 석조여래좌상,유적 · 석조물,herit,1,상주 복용동 석조여래좌상,경북 상주시 서성동 163-48번지
상주,북장사,상주 북장사,절,herit,1,북장사 영산회 괘불탱,경북 상주시 내서면 북장리 38번지 북장사
상주,상오리 칠층석탑,상주 상오리 칠층석탑,유적 · 석조물,herit,1,상주 상오리 칠층석탑,경북 상주시 화북면 상오리 699번지
상주,양진당,상주 양진당,유적 · 석조물,herit,1,상주 양진당,경북 상주시 낙동면 양진당길 27-4 (승곡리)
상주,용흥사,상주 용흥사,절,herit,1,용흥사 삼불회 괘불탱,"경상북도 상주시 지천1길 223-35 (지천동, 용흥사)"
상주,증촌리 석조여래입상,상주 증촌리 석조여래입상,유적 · 석조물,herit,1,상주 증촌리 석조여래입상,경북 상주시 함창읍 증촌2길 10-13 (증촌리)
상주,증촌리 석조여래좌상,상주 증촌리 석조여래좌상,유적 · 석조물,herit,1,상주 증촌리 석조여래좌상,경북 상주시 함창읍 증촌2길 10-13 (증촌리)
상주,화달리 삼층석탑,상주 화달리 삼층석탑,유적 · 석조물,herit,1,상주 화달리 삼층석탑,"경북 상주시 사벌면 화달리 857, 417-4"
서귀포,추사유물전시관,추사유물전시관,박물관,herit,1,김정희 종가 유물 일괄,"제주특별자치도 서귀포시 추사로 44 (대정읍, 추사유물전시관)"
서산,명종대왕 태실 및 비,서산 명종대왕 태실 및 비,유적 · 석조물,herit,1,서산 명종대왕 태실 및 비,충청남도 서산시 운산면 태봉리 산 6-2
서산,문수사,서산 문수사,절,herit,1,서산 문수사 극락보전,"충청남도 서산시 문수골길 201 (운산면, 문수사)"
서울,(재)한국교회사연구소,서울 (재)한국교회사연구소,유적 · 석조물,herit,1,여지도서,"서울특별시 중구 삼일대로 330 (저동1가, 평화빌딩) 4층, 한국교회사연구소"
서울,경국사,서울 경국사,절,herit,1,서울 경국사 목각아미타여래설법상,"서울특별시 성북구 보국문로 113-10 (정릉동, 경국사)"
서울,관상감 관천대,서울 관상감 관천대,유적 · 석조물,herit,1,서울 관상감 관천대,서울 종로구 원서동 206번지
서울,궁능유적본부,서울 궁능유적본부,유적 · 석조물,herit,1,흥천사명 동종,"서울특별시 종로구 사직로 161 (세종로, 경복궁)"
서울,달마사,서울 달마사,절,herit,1,상교정본자비도량참법 권3,"서울특별시 동작구 서달로  50-26(흑석동, 달마사)"
서울,대통령비서실,서울 대통령비서실,유적 · 석조물,herit,1,경주 방형대좌 석조여래좌상,서울특별시 종로구 청와대로 1 (세종로)
서울,동관왕묘,서울 동관왕묘,유적 · 석조물,herit,1,서울 동관왕묘,서울 종로구 난계로27길 84 (숭인동) / (지번)서울 종로구 숭인2동 238-1
서울,동은의학박물관,동은의학박물관,박물관,herit,1,벽역신방(2025),"서울특별시 서대문구 연세로  50-1(신촌동, 연세대학교의료원) 연세대학교 의과대학 동은의학박물관"
서울,문묘,서울 문묘,유적 · 석조물,herit,1,서울 문묘 및 성균관<대성전·동무·서무·삼문·명륜당>,서울 종로구 성균관로 25-1 (명륜3가) / (지번)서울 종로구 명륜3가 53
서울,북한산 구기동 마애여래좌상,서울 북한산 구기동 마애여래좌상,유적 · 석조물,herit,1,서울 북한산 구기동 마애여래좌상,서울 종로구 구기동 산2-1번지
서울,살곶이 다리,서울 살곶이 다리,유적 · 석조물,herit,1,서울 살곶이 다리,서울 성동구 행당1동 58번지
서울,삼천사지,서울 삼천사지,절터,herit,1,서울 삼천사지 마애여래입상,서울 은평구 진관동 산 25-2
서울,서강대학교박물관,서강대학교박물관,박물관,herit,1,양사언 초서,"서울 마포구 백범로 35, 서강대학교박물관 (신수동,서강대학교)"
서울,서울옥션,서울옥션,유적 · 석조물,herit,1,청량산 괘불탱,서울특별시 종로구 평창30길  24(평창동)
서울,선학원 칠보사,서울 선학원 칠보사,절,herit,1,서울 칠보사 목조석가여래좌상,"서울특별시 종로구 삼청로9길 51 (삼청동, 칠보사)"
서울,성신여대박물관,성신여대박물관,박물관,herit,1,대동여지도(1985),"서울 성북구 보문로34다길 2, 성신여대박물관 (동선동3가)"
서울,성신여자대학교박물관,성신여자대학교박물관,박물관,herit,1,앙부일구(2022-3),"서울특별시 성북구 보문로34다길 2 (돈암동, 성신여자대학교) 박물관"
서울,성주이씨문경공파정자공문중,서울 성주이씨문경공파정자공문중,유적 · 석조물,herit,1,서울 이윤탁 한글영비,서울 노원구 하계1동 12번지
서울,수국사,서울 수국사,절,herit,1,서울 수국사 목조아미타여래좌상 및 복장유물,"서울 은평구 서오릉로23길 8-5, 수국사 (구산동)"
서울,숙명여대박물관,숙명여대박물관,박물관,herit,1,"근사록 권1~3, 9~14","서울 용산구 청파로47길 100, 숙명여대박물관 (청파동2가)"
서울,승가사,서울 승가사,절,herit,1,서울 승가사 석조승가대사좌상,"서울특별시 종로구 비봉4길 213 (구기동, 승가사)"
서울,심택사,서울 심택사,절,herit,1,묘법연화경 권4~7(2016),서울특별시 은평구 은평로20나길 5-23 (응암동)
서울,연세대학교 학술정보원,서울 연세대학교 학술정보원,유적 · 석조물,herit,1,고려사(2021-5),"서울특별시 서대문구 연세로 50 (신촌동, 연세대학교) 학술정보원"
서울,옥천암,서울 옥천암,절,herit,1,서울 옥천암 마애보살좌상,"서울특별시 서대문구 홍지문길 1-38 (홍은동, 옥천암) / (지번)서울 서대문구 홍은동 8"
서울,인조별서 유기비,서울 인조별서 유기비,유적 · 석조물,herit,1,서울 인조별서 유기비,서울 은평구 역촌동 8-12번지
서울,장의사지,서울 장의사지,절터,herit,1,서울 장의사지 당간지주,서울 종로구 세검정로9길 1 (신영동) / (지번)서울 종로구 신영동 218-9
서울,창의문,서울 창의문,유적 · 석조물,herit,1,서울 창의문,서울특별시 종로구 창의문로 42 (청운동)
서울,홍익대학교박물관,홍익대학교박물관,박물관,herit,1,안중근의사 유묵 - 오노봉위필삼상작연지청천일장지사아복중시,"서울 마포구 와우산로 94 (상수동,홍익대학교)"
서천,봉서사,서천 봉서사,절,herit,1,서천 봉서사 목조아미타여래삼존좌상,"충청남도 서천군 건지산길 122 (한산면, 봉서사)"
서천,성북리 오층석탑,서천 성북리 오층석탑,유적 · 석조물,herit,1,서천 성북리 오층석탑,충남 서천군 비인면 성북리 182-1번지
성남,봉국사,성남 봉국사,절,herit,1,성남 봉국사 대광명전,"경기도 성남시 수정구 태평로 79 (태평동, 봉국사)"
성주,금봉리 석조비로자나불좌상,성주 금봉리 석조비로자나불좌상,유적 · 석조물,herit,1,성주 금봉리 석조비로자나불좌상,경북 성주군 가천면 금봉1길 67 (금봉리)
성주,대성및 명륜당,성주 대성및 명륜당,유적 · 석조물,herit,1,성주향교 대성전 및 명륜당,경북 성주군 성주읍 예산2길 36-12 (예산리)
성주,법수사지,성주 법수사지,절터,herit,1,성주 법수사지 삼층석탑,경북 성주군 수륜면 백운리 1215-1번지
성주,선석사,성주 선석사,절,herit,1,성주 선석사 영산회 괘불탱,"경북 성주군 월항면 세종대왕자태실로 616-33, 선석사 (인촌리)"
성주,심원사,성주 심원사,절,herit,1,길흉축월횡간 고려목판,"경상북도 성주군 가야산식물원길  17-56(수륜면, 심원사)"
세종,국립한국문학관,세종 국립한국문학관,유적 · 석조물,herit,1,대승기신론소,세종특별자치시
속초,향성사지,속초 향성사지,절터,herit,1,속초 향성사지 삼층석탑,강원 속초시 설악동 산24-2번지
수원,농림축산식품부,수원 농림축산식품부,유적 · 석조물,herit,1,정약용 행초 다산사경첩,경기도 수원시
수원,대성전,수원 대성전,유적 · 석조물,herit,1,수원향교 대성전,"경기도 수원시 팔달구 향교로 107-9 (교동, 수원향교)"
수원,서북공심돈,수원 서북공심돈,유적 · 석조물,herit,1,수원 서북공심돈,경기 수원시 팔달구 장안동 332번지
수원,창성사지,수원 창성사지,절터,herit,1,수원 창성사지 진각국사탑비,경기 수원시 팔달구 매향동 13-1번지
수원,화령운한각·복도각·이안청,수원 화령운한각·복도각·이안청,유적 · 석조물,herit,1,수원 화령전 운한각·복도각·이안청,경기도 수원시 팔달구 신풍로23번길 15 (신풍동)
수원,화서문,수원 화서문,유적 · 석조물,herit,1,수원 화서문,경기 수원시 팔달구 장안동 334번지
순창,구암사,순창 구암사,절,herit,1,월인석보 권15,"전북 순창군 복흥면 봉덕길 131-144, 구암사 (봉덕리)"
순천,대성전,순천 대성전,유적 · 석조물,herit,1,순천향교 대성전,"전남광주통합특별시 순천시 향교길 60 (금곡동, 순천향교)"
순천,순천대학교박물관,순천대학교박물관,박물관,herit,1,대불정여래밀인수증요의제보살만행수능엄경 권1,"전남광주통합특별시 순천시 중앙로  255(석현동, 순천대학교)"
순천,정혜사,순천 정혜사,절,herit,1,순천 정혜사 대웅전,전남광주통합특별시 순천시 서면 정혜사길 32 (청소리) / (지번)전남 순천시 서면 청소리 716
순천,팔마비,순천 팔마비,유적 · 석조물,herit,1,순천 팔마비,"전남광주통합특별시 순천시 중앙로 95 (영동, 순천문화재단)"
시흥,소래산 마애보살입상,시흥 소래산 마애보살입상,유적 · 석조물,herit,1,시흥 소래산 마애보살입상,경기 시흥시 대야동 산140-3번지
아산,남양홍씨 문장공파 종중,아산 남양홍씨 문장공파 종중,유적 · 석조물,herit,1,홍가신 청난공신 교서 및 관련 고문서,충청남도 아산시 만전당길 120번길 3-20 (염치읍)
아산,세심사,아산 세심사,절,herit,1,불설대보부모은중경(언해) 목판,"충청남도 아산시 산양길 180 (염치읍, 세심사)"
아산,읍내동 당간지주,아산 읍내동 당간지주,유적 · 석조물,herit,1,아산 읍내동 당간지주,"충남 아산시 읍내동 255-5, 255-1"
아산,평촌리 석조약사여래입상,아산 평촌리 석조약사여래입상,유적 · 석조물,herit,1,아산 평촌리 석조약사여래입상,충남 아산시 송악면 평촌리 산1-1번지
안동,개목사,안동 개목사,절,herit,1,안동 개목사 원통전,"경북 안동시 서후면 개목사길 362, 개목사 (태장리)"
안동,보광사 불교중앙박물관,보광사 불교중앙박물관,박물관,herit,1,안동 보광사 목조관음보살좌상 및 복장유물,경상북도 안동시 퇴계로  1930-8(도산면)
안동,봉황사,안동 봉황사,절,herit,1,안동 봉황사 대웅전,경상북도 안동시 봉황사길 152 (임동면)
안동,석빙고,안동 석빙고,유적 · 석조물,herit,1,안동 석빙고,경북 안동시 성곡동 산225-1번지
안동,선찰사,안동 선찰사,절,herit,1,안동 선찰사 목조석가여래좌상 및 복장유물,"경상북도 안동시 웃장터길 91-17 (길안면, 대한불교조계종 선찰사)"
안동,소호헌,안동 소호헌,유적 · 석조물,herit,1,안동 소호헌,경상북도 안동시 소호헌길  6(일직면)
안동,안동시 외,안동시 외,유적 · 석조물,herit,1,안동 안기동 석조여래좌상,경상북도 안동시 안기동 152-13
안동,예안이씨 충효당,안동 예안이씨 충효당,유적 · 석조물,herit,1,안동 예안이씨 충효당,경북 안동시 풍산읍 우렁길 73 (하리1리)
안동,예안향교 대성전,안동 예안향교 대성전,유적 · 석조물,herit,1,안동 예안향교 대성전,경상북도 안동시 퇴계로  2020-13 (도산면)
안동,운흥동 오층전탑,안동 운흥동 오층전탑,유적 · 석조물,herit,1,안동 운흥동 오층전탑,경북 안동시 운흥동 231번지
안동,의성김씨 종택,안동 의성김씨 종택,유적 · 석조물,herit,1,안동 의성김씨 종택,경상북도 안동시 내앞길  1-11(임하면)
안동,조탑리 오층전탑,안동 조탑리 오층전탑,유적 · 석조물,herit,1,안동 조탑리 오층전탑,경북 안동시 일직면 조탑리 139-2번지
안동,청원루,안동 청원루,유적 · 석조물,herit,1,안동 청원루,경상북도 안동시 장태골길  10(풍산읍)
안동,태사묘관리위원회,안동 태사묘관리위원회,유적 · 석조물,herit,1,안동 태사묘 삼공신 유물 일괄,경상북도 안동시 태사길  13(북문동)
안동,평화동 삼층석탑,안동 평화동 삼층석탑,유적 · 석조물,herit,1,안동 평화동 삼층석탑,경북 안동시 평화동 71-108번지
안동,하회 양진당,안동 하회 양진당,유적 · 석조물,herit,1,안동 하회 양진당,경상북도 안동시 하회종가길 68 (풍천면)
안동,하회 충효당,안동 하회 충효당,유적 · 석조물,herit,1,안동 하회 충효당,경북 안동시 풍천면 종가길 69 (하회리)
안산,성호박물관,성호박물관,박물관,herit,1,이하진 필적 천금물전,"경기도 안산시 상록구 성호로  131(부곡동, 성호박물관)"
안성,객사,안성 객사,절,herit,1,안성 객사 정청,경기도 안성시 종합운동장로  203(보개면)
안성,대성전,안성 대성전,유적 · 석조물,herit,1,안성향교 대성전,"경기도 안성시 향교길  75(명륜동, 안성향교)"
안성,봉업사지,안성 봉업사지,절터,herit,1,안성 봉업사지 오층석탑,경기 안성시 죽산면 죽산리 148-5번지
안성,석남사,안성 석남사,절,herit,1,안성 석남사 영산전,경기도 안성시 상촌새말길 3-120 (금광면) 석남사(상중리) / (지번)경기 안성시 금광면 상중리 508 석남사
안성,청원사,안성 청원사,절,herit,1,안성 청원사 대웅전,경기도 안성시 통심길  16-102(원곡면) 청원사
안성,풍화루,안성 풍화루,유적 · 석조물,herit,1,안성향교 풍화루,"경기도 안성시 향교길  75(명륜동, 안성향교)"
안양,중초사지,안양 중초사지,절터,herit,1,안양 중초사지 당간지주,경기 안양시 만안구 예술공원로103번길 4 (석수동) / (지번)경기 안양시 만안구 석수동 212-1
양산,미타암,양산 미타암,절,herit,1,양산 미타암 석조아미타여래입상,"경남 양산시 주진로 379-61, 미타암 (소주동)"
양산,용화사,양산 용화사,절,herit,1,양산 용화사 석조여래좌상,"경남 양산시 물금읍 원동로 199-133, 용화사 (물금리)"
양양,오색리 삼층석탑,양양 오색리 삼층석탑,유적 · 석조물,herit,1,양양 오색리 삼층석탑,강원 양양군 서면 약수길 132 (오색리)
양주,송암사,양주 송암사,절,herit,1,반야심경소현정기(언해),경기도 양주시 호국로550번길 346-11 (장흥면)
여수,타루비,여수 타루비,유적 · 석조물,herit,1,여수 타루비,전남광주통합특별시 여수시 고소3길 13 (고소동) / (지번)전남 여수시 고소동 620
여수,통제이공 수군대첩비,여수 통제이공 수군대첩비,유적 · 석조물,herit,1,여수 통제이공 수군대첩비,전남광주통합특별시 여수시 고소3길 13 (고소동) / (지번)전남 여수시 고소동 620
여주,창리 삼층석탑,여주 창리 삼층석탑,유적 · 석조물,herit,1,여주 창리 삼층석탑,경기도 여주시 주내로 13 (상동)
여주,하리 삼층석탑,여주 하리 삼층석탑,유적 · 석조물,herit,1,여주 하리 삼층석탑,경기도 여주시 주내로  13(상동)
영광,신천리 삼층석탑,영광 신천리 삼층석탑,유적 · 석조물,herit,1,영광 신천리 삼층석탑,전남광주통합특별시 영광군 묘량면 묘량로2길 40-89 (신천리) / (지번)전남 영광군 묘량면 신천리 1226
영덕,유금사,영덕 유금사,절,herit,1,영덕 유금사 삼층석탑,경북 영덕군 병곡면 유금길 213-26 (금곡리)
영동,반야사,영동 반야사,절,herit,1,영동 반야사 삼층석탑,충북 영동군 황간면 백화산로 652 (우매리)
영동,세천재,영동 세천재,유적 · 석조물,herit,1,영동 세천재,"충청북도 영동군 내오곡길 94-97 (매곡면, 세천재)"
영동,신항리 석조여래삼존입상,영동 신항리 석조여래삼존입상,유적 · 석조물,herit,1,영동 신항리 석조여래삼존입상,충북 영동군 용산면 서신항길 135-8 (신항리)
영암,성풍사지,영암 성풍사지,절터,herit,1,영암 성풍사지 오층석탑,전남광주통합특별시 영암군 영암읍 용흥리 533-1번지
영암,엄길리 암각 매향명,영암 엄길리 암각 매향명,유적 · 석조물,herit,1,영암 엄길리 암각 매향명,전남광주통합특별시 영암군 서호면 엄길리 산85번지
영암,영보정,영암 영보정,유적 · 석조물,herit,1,영암 영보정,전남광주통합특별시 영암군 영보정길 10-8 (덕진면)
영암,월출산 용암사지 삼층석탑,영암 월출산 용암사지 삼층석탑,유적 · 석조물,herit,1,영암 월출산 용암사지 삼층석탑,전남광주통합특별시 영암군 영암읍 회문리 산26-8번지
영암,초상,영암 초상,유적 · 석조물,herit,1,김완 초상,전남광주통합특별시 영암군
영양,현리 삼층석탑,영양 현리 삼층석탑,유적 · 석조물,herit,1,영양 현리 삼층석탑,경북 영양군 영양읍 현리 401번지
영양,현리 오층모전석탑,영양 현리 오층모전석탑,유적 · 석조물,herit,1,영양 현리 오층모전석탑,경상북도 영양군 영양읍 현리 464
영양,화천리 삼층석탑,영양 화천리 삼층석탑,유적 · 석조물,herit,1,영양 화천리 삼층석탑,경북 영양군 영양읍 화천리 835번지
영월,창절사,영월 창절사,절,herit,1,영월 창절사,"강원도 영월군 단종로 60 (영월읍, 창절서원)"
영월,흥녕사지,영월 흥녕사지,절터,herit,1,영월 흥녕사지 징효대사탑비,강원 영월군 수주면 무릉법흥로 1352 (법흥리)
영주,가흥동 마애여래삼존상 및 여래좌상,영주 가흥동 마애여래삼존상 및 여래좌상,유적 · 석조물,herit,1,영주 가흥동 마애여래삼존상 및 여래좌상,경북 영주시 가흥1동 264-2번지
영주,석교리 석조여래입상,영주 석교리 석조여래입상,유적 · 석조물,herit,1,영주 석교리 석조여래입상,경북 영주시 순흥면 석교리 160-2번지
영주,성혈사,영주 성혈사,절,herit,1,영주 성혈사 나한전,"경북 영주시 순흥면 죽계로 459-99, 성혈사 (덕현리)"
영주,숙수사지,영주 숙수사지,절터,herit,1,영주 숙수사지 당간지주,경북 영주시 순흥면 내죽리 158번지
영주,신암리 마애여래삼존상,영주 신암리 마애여래삼존상,유적 · 석조물,herit,1,영주 신암리 마애여래삼존상,"경북 영주시 이산면 신암리 1439-30, 산106"
영주,영주동 석조여래입상,영주동 석조여래입상,유적 · 석조물,herit,1,영주 영주동 석조여래입상,경상북도 영주시 가흥동 265-1
영천,대성전,영천 대성전,유적 · 석조물,herit,1,영천향교 대성전,경상북도 영천시 교촌길 34 (교촌동)
영천,봉림사,영천 봉림사,절,herit,1,영천 봉림사 영산회상도 및 복장유물,"경북 영천시 화북면 천문로 2149-368, 봉림사 (자천리)"
영천,선정사,영천 선정사,절,herit,1,영천 선원동 철조여래좌상,"경북 영천시 임고면 환구길 144, 선정사 (선원리)"
영천,수도사,영천 수도사,절,herit,1,수도사 노사나불 괘불탱,"경상북도 영천시 치산관광길  404(신녕면, 수도사)"
영천,숭렬당,영천 숭렬당,유적 · 석조물,herit,1,영천 숭렬당,경북 영천시 숭렬당길 1 (성내동)
영천,신월리 삼층석탑,영천 신월리 삼층석탑,유적 · 석조물,herit,1,영천 신월리 삼층석탑,"경북 영천시 금호읍 금호로 360-29, 신흥사 (신월리)"
영천,인종대왕 태실,영천 인종대왕 태실,유적 · 석조물,herit,1,영천 인종대왕 태실,경상북도 영천시 청통면 치일리 산 24
영천,화남리 삼층석탑,영천 화남리 삼층석탑,유적 · 석조물,herit,1,영천 화남리 삼층석탑,경북 영천시 신녕면 화남리 498번지
영천,화남리 석조여래좌상,영천 화남리 석조여래좌상,유적 · 석조물,herit,1,영천 화남리 석조여래좌상,경북 영천시 신녕면 화남리 499번지
예산,대련사,예산 대련사,절,herit,1,예산 대련사 비로자나불 괘불도,충청남도 예산군 동산2길 119 (광시면)
예산,삽교읍 석조보살입상,예산 삽교읍 석조보살입상,유적 · 석조물,herit,1,예산 삽교읍 석조보살입상,충남 예산군 삽교읍 신리 산16번지
예산,화전리 석조사면불상,예산 화전리 석조사면불상,유적 · 석조물,herit,1,예산 화전리 석조사면불상,충남 예산군 봉산면 화전리 산62-3번지
예천,동본리 삼층석탑,예천 동본리 삼층석탑,유적 · 석조물,herit,1,예천 동본리 삼층석탑,경북 예천군 예천읍 동본리 474-4번지
예천,동본리 석조여래입상,예천 동본리 석조여래입상,유적 · 석조물,herit,1,예천 동본리 석조여래입상,경북 예천군 예천읍 동본리 474-4번지
예천,명봉사,예천 명봉사,절,herit,1,예천 명봉사 경청선원자적선사능운탑비,경상북도 예천군 명봉사길 62 (상리면)
예천,보문사,예천 보문사,절,herit,1,예천 보문사 삼장보살도,"경상북도 예천군 보문사길 243 (보문면, 보문사)"
예천,야옹정,예천 야옹정,유적 · 석조물,herit,1,예천 야옹정,경상북도 예천군 맛질길 55 (용문면)
예천,초간종택 별당,예천 초간종택 별당,유적 · 석조물,herit,1,예천권씨 초간종택 별당,경상북도 예천군 죽림길 43 (용문면)
예천,한천사,예천 한천사,절,herit,1,예천 한천사 철조비로자나불좌상,"경북 예천군 감천면 한천사길 142, 한천사 (증거리)"
옥천,용암사,옥천 용암사,절,herit,1,옥천 용암사 동·서 삼층석탑,충북 옥천군 옥천읍 삼청리 산51-1번지 용암사
옥천,이지당,옥천 이지당,유적 · 석조물,herit,1,옥천 이지당,"충청북도 옥천군 이백6길 126 (군북면, 문화재(옥천이지당))"
완주,안심사,완주 안심사,절,herit,1,완주 안심사 금강계단,"전북 완주군 운주면 안심길 372, 안심사 (완창리)"
완주,정수사,완주 정수사,절,herit,1,완주 정수사 목조아미타여래삼존좌상,전라북도 완주군 상관면 마치리 137 정수사
용인,백령사,용인 백령사,절,herit,1,대방광원각수다라요의경 권1,"경기도 용인시 처인구 백령로 204 (포곡읍, 대한불교조계종 백령사)"
용인,서봉사지,용인 서봉사지,절터,herit,1,용인 서봉사지 현오국사탑비,경기 용인시 수지구 신봉동 산110번지
용인,석주선기념박물관,석주선기념박물관,박물관,herit,1,안중근의사 유묵 - 욕보동양선개정략시과실기추회하급,"경기 용인시 수지구 죽전로 152, 석주선기념박물관 (죽전동,현대홈타운4차3단지)"
용인,혜정박물관,혜정박물관,박물관,herit,1,함경도·경기도·강원도 지도,"경기 용인시 기흥구 덕영대로 1732, 혜정박물관 (서천동,경희대학교국제캠퍼스)"
울산,간월사지,울산 간월사지,절터,herit,1,울주 간월사지 석조여래좌상,울산광역시 울주군 알프스온천4길 15 (상북면)
울산,등용사,울산 등용사,절,herit,1,대혜보각선사서(2025),"울산광역시 동구 등대로  80-42(일산동, 등용사)"
울산,망해사지,울산 망해사지,절터,herit,1,울주 망해사지 승탑,울산 울주군 청량면 망해2길 102 (율리)
울산,신흥사,울산 신흥사,절,herit,1,울산 신흥사 석조아미타여래좌상,"울산광역시 북구 대안4길 280 (대안동, 신흥사)"
울산,청송사지,울산 청송사지,절터,herit,1,울주 청송사지 삼층석탑,울산 울주군 청량면 율리 1420번지
울산,흥덕사,울산 흥덕사,절,herit,1,육경합부(2006),"울산광역시 울주군 신기1길 81-13 (상북면, 흥덕사)"
울진,구산리 삼층석탑,울진 구산리 삼층석탑,유적 · 석조물,herit,1,울진 구산리 삼층석탑,경북 울진군 근남면 구산리 1494-1번지
원주,강원감영 선화당,원주 강원감영 선화당,유적 · 석조물,herit,1,원주 강원감영 선화당,강원도 원주시 원일로 77 (일산동)
의령,의병박물관,의병박물관,박물관,herit,1,곽재우 유물 일괄,"경상남도 의령군 충익로 1-25 (의령읍, 의병박물관)"
의성,관덕리 삼층석탑,의성 관덕리 삼층석탑,유적 · 석조물,herit,1,의성 관덕리 삼층석탑,경북 의성군 단촌면 관덕리 889번지
의성,만취당,의성 만취당,유적 · 석조물,herit,1,의성 만취당,경상북도 의성군 점곡면 사촌리 207
의성,빙산사지,의성 빙산사지,절터,herit,1,의성 빙산사지 오층석탑,경상북도 의성군 춘산면 빙계리 산 70
의왕,청계사,의왕 청계사,절,herit,1,사인비구 제작 동종 - 의왕 청계사 동종,경기 의왕시 청계동 산11번지 청계사
이천,영월암,이천 영월암,절,herit,1,이천 영월암 마애여래입상,경기 이천시 관고동 산64-1번지
이천,장암리 마애보살반가상,이천 장암리 마애보살반가상,유적 · 석조물,herit,1,이천 장암리 마애보살반가상,경기 이천시 마장면 서이천로 577-5 (장암리) / (지번)경기 이천시 마장면 장암리 183-1
익산,고도리 석조여래입상,익산 고도리 석조여래입상,유적 · 석조물,herit,1,익산 고도리 석조여래입상,"전북 익산시 금마면 서고도리 400-2번지, 동고도리 1086번지"
익산,관음사,익산 관음사,절,herit,1,익산 관음사 목조보살입상,"전북특별자치도 익산시 평동로9길  72(갈산동, 관음사)"
익산,심곡사,익산 심곡사,절,herit,1,익산 심곡사 칠층석탑 출토 금동불감 및 금동아미타여래칠존좌상,"전라북도 익산시 장암길 113 (낭산면, 심곡사)"
익산,연동리 석조여래좌상,익산 연동리 석조여래좌상,유적 · 석조물,herit,1,익산 연동리 석조여래좌상,전북 익산시 삼기면 진북로 273 (연동리)
익산,원광대학교 박물관,원광대학교 박물관,박물관,herit,1,대곡사명 감로왕도,"전라북도 익산시 익산대로 460 (신동, 원광대학교) 박물관"
인제,봉정암,인제 봉정암,절,herit,1,인제 봉정암 오층석탑,강원도 인제군 북면 용대리 산77
인천,강화역사박물관,강화역사박물관,박물관,herit,1,사인비구 제작 동종 - 강화 동종,인천 강화군 하점면 부근리 350-4번지 강화역사박물관
인천,백련사,인천 백련사,절,herit,1,강화 백련사 철조아미타여래좌상,"인천 강화군 하점면 고려산로61번길 270, 백련사 (부근리)"
인천,인천광역시 강화군청,인천광역시 강화군청,유적 · 석조물,herit,1,강화 장정리 석조여래입상,인천 강화군 하점면 장정리 584번지
인천,장정리 오층석탑,인천 장정리 오층석탑,유적 · 석조물,herit,1,강화 장정리 오층석탑,인천 강화군 하점면 장정리 산193번지
인천,정수사,인천 정수사,절,herit,1,강화 정수사 법당,인천광역시 강화군 해안남로 1258번길 142 (화도면) / (지번)인천 강화군 화도면 사기리 산86
인천,청련사,인천 청련사,절,herit,1,강화 청련사 목조아미타여래좌상,"인천광역시 강화군 고비고개로188번길 112 (강화읍, 청련사)"
임실,한국불교화엄종 중기사,임실 한국불교화엄종 중기사,절,herit,1,임실 진구사지 철조여래좌상,전북특별자치도 임실군 신평면 용암리 222 중기사
장수,대성전,장수 대성전,유적 · 석조물,herit,1,장수향교 대성전,전북 장수군 장수읍 향교길 31-14 (장수리)
장흥,묘덕사,장흥 묘덕사,절,herit,1,불정심관세음보살대다라니경(2019),"전남광주통합특별시 장흥군 산단4로 98-69 (장흥읍, 대한불교조계종 묘덕사)"
장흥,천관사,장흥 천관사,절,herit,1,장흥 천관사 삼층석탑,전남광주통합특별시 장흥군 관산읍 농안리 739번지
전주,경기정전,전주 경기정전,유적 · 석조물,herit,1,전주 경기전 정전,전북 전주시 완산구 풍남동3가 102번지
전주,국립중앙박물관,국립중앙박물관,박물관,herit,1,국새 제고지보,전북특별자치도 전주시
전주,조경묘,전주 조경묘,유적 · 석조물,herit,1,전주 조경묘 정묘,전라북도 전주시 완산구 풍남동3가 91-3
전주,풍남문,전주 풍남문,유적 · 석조물,herit,1,전주 풍남문,전북 전주시 완산구 풍남문3길 1 (전동)
전주,풍패지관,전주 풍패지관,유적 · 석조물,herit,1,전주 풍패지관,전북 전주시 완산구 중앙동3가 1번지
정읍,보화리 석조이불입상,정읍 보화리 석조이불입상,유적 · 석조물,herit,1,정읍 보화리 석조이불입상,"전북 정읍시 소성면 보화리 116,110-5,110-6"
정읍,은선리 삼층석탑,정읍 은선리 삼층석탑,유적 · 석조물,herit,1,정읍 은선리 삼층석탑,전북 정읍시 영원면 은선리 43번지
정읍,천곡사지,정읍 천곡사지,절터,herit,1,정읍 천곡사지 칠층석탑,전북 정읍시 망제동 산9-2번지
제주,대성전,제주 대성전,유적 · 석조물,herit,1,제주향교 대성전,"제주특별자치도 제주시 서문로 43 (용담일동, 제주향교)"
제주,불탑사,제주 불탑사,절,herit,1,제주 불탑사 오층석탑,제주 제주시 원당로16길 41 (삼양일동) / (지번)제주 제주시 삼양1동 696
제천,덕주사,제천 덕주사,절,herit,1,제천 덕주사 마애여래입상,충북 제천시 한수면 송계리 1번지 덕주사
제천,물태리 석조여래입상,제천 물태리 석조여래입상,유적 · 석조물,herit,1,제천 물태리 석조여래입상,충청북도 제천시 청풍면 물태리 산 6-20
제천,사자빈신사지,제천 사자빈신사지,절터,herit,1,제천 사자빈신사지 사사자 구층석탑,충북 제천시 한수면 송계리 1002-1번지
제천,신륵사,제천 신륵사,절,herit,1,제천 신륵사 삼층석탑,충북 제천시 덕산면 월악산로4길 180 (월악리)
제천,장락동 칠층모전석탑,제천 장락동 칠층모전석탑,유적 · 석조물,herit,1,제천 장락동 칠층모전석탑,충북 제천시 장락동 65-2번지
제천,청풍 한벽루,제천 청풍 한벽루,유적 · 석조물,herit,1,제천 청풍 한벽루,충북 제천시 청풍면 청풍호로 2048 (읍리)
진도,금골산 오층석탑,진도 금골산 오층석탑,유적 · 석조물,herit,1,진도 금골산 오층석탑,전남광주통합특별시 진도군 군내면 금골길 58 (둔전리) / (지번)전남 진도군 군내면 둔전리 356-2
진도,쌍계사,진도 쌍계사,절,herit,1,진도 쌍계사 목조석가여래삼존좌상,"전남광주통합특별시 진도군 운림산방로 299-30 (의신면, 쌍계사)"
진안,수선루,진안 수선루,유적 · 석조물,herit,1,진안 수선루,전라북도 진안군 마령면 강정리 산 57
진주,묘엄사지,진주 묘엄사지,절터,herit,1,진주 묘엄사지 삼층석탑,경남 진주시 수곡면 효자리 447-1번지
진주,사월리 석조여래좌상,진주 사월리 석조여래좌상,유적 · 석조물,herit,1,산청 사월리 석조여래좌상,경남 진주시 천수로137번길 38 (망경동)
진주,삼선암,진주 삼선암,절,herit,1,진주 삼선암 동종,"경남 진주시 의병로111번길 17, 삼선암 (상봉동)"
진주,용암사지,진주 용암사지,절터,herit,1,진주 용암사지 승탑,경남 진주시 이반성면 용암리 산31번지
진주,월명사,진주 월명사,절,herit,1,진주 월명암 목조아미타여래좌상,"경상남도 진주시 진산로1623번길  21-199(미천면, 월명암)"
진주,응석사,진주 응석사,절,herit,1,진주 응석사 목조석가여래삼불좌상,"경상남도 진주시 응석로  435(집현면, 응석사)"
진주,한국토지공사 토지주택박물관,한국토지공사 토지주택박물관,박물관,herit,1,분류두공부시(언해) 권17~19,"경상남도 진주시 충의로  19(충무공동, 한국토지주택공사)"
진천,연곡리 석비,진천 연곡리 석비,유적 · 석조물,herit,1,진천 연곡리 석비,충북 진천군 진천읍 김유신길 639 (연곡리)
진천,영수사,진천 영수사,절,herit,1,진천 영수사 영산회 괘불탱,"충청북도 진천군 영구리길  60-125(초평면, 영수사)"
창녕,석빙고,창녕 석빙고,유적 · 석조물,herit,1,창녕 석빙고,경남 창녕군 창녕읍 송현리 288번지
창녕,송현동 마애여래좌상,창녕 송현동 마애여래좌상,유적 · 석조물,herit,1,창녕 송현동 마애여래좌상,경남 창녕군 창녕읍 송현리 105-4번지
창녕,술정리 서 삼층석탑,창녕 술정리 서 삼층석탑,유적 · 석조물,herit,1,창녕 술정리 서 삼층석탑,경남 창녕군 창녕읍 술정서탑길 4-7 (술정리)
창녕,영산 석빙고,창녕 영산 석빙고,유적 · 석조물,herit,1,창녕 영산 석빙고,경남 창녕군 영산면 교리 산10-2번지
창녕,인양사,창녕 인양사,절,herit,1,창녕 인양사 조성비,경남 창녕군 창녕읍 교리 294번지
창원,불곡사,창원 불곡사,절,herit,1,창원 불곡사 석조비로자나불좌상,경남 창원시 성산구 대암로 55 (대방동)
천안,삼태리 마애여래입상,천안 삼태리 마애여래입상,유적 · 석조물,herit,1,천안 삼태리 마애여래입상,충청남도 천안시 동남구 풍세면 삼태리 산 28-1
청도,대적사,청도 대적사,절,herit,1,청도 대적사 극락전,경북 청도군 화양읍 송금리 223번지 대적사
청도,도연사,청도 도연사,절,herit,1,묘법연화경(2022),"경상북도 청도군 낙산길 393-27 (각북면, 도연사)"
청도,박곡리 석조여래좌상,청도 박곡리 석조여래좌상,유적 · 석조물,herit,1,청도 박곡리 석조여래좌상,경북 청도군 금천면 박곡길 295 (박곡리)
청도,봉기리 삼층석탑,청도 봉기리 삼층석탑,유적 · 석조물,herit,1,청도 봉기리 삼층석탑,경북 청도군 풍각면 봉기리 719-5번지
청도,석빙고,청도 석빙고,유적 · 석조물,herit,1,청도 석빙고,경상북도 청도군 화양읍 동천리 285
청도,용천사,청도 용천사,절,herit,1,청도 용천사 영산회상도,"경상북도 청도군 헐티로 1375-9 (각북면, 용천사)"
청도,장연사지,청도 장연사지,절터,herit,1,청도 장연사지 동·서 삼층석탑,경북 청도군 매전면 장연리 108-1번지
청도,적천사,청도 적천사,절,herit,1,적천사 괘불탱 및 지주,"경상북도 청도군 원동길 304 (청도읍, 적천사)"
청송,보광사,청송 보광사,절,herit,1,청송 보광사 극락전,경상북도 청송군 현충로 51-352 (청송읍)
청송,찬경루,청송 찬경루,유적 · 석조물,herit,1,청송 찬경루,경상북도 청송군 금월로 269 (청송읍)
청양,서정리 구층석탑,청양 서정리 구층석탑,유적 · 석조물,herit,1,청양 서정리 구층석탑,충남 청양군 정산면 서정리 16-2번지
청양,운장암,청양 운장암,절,herit,1,청양 운장암 금동관음보살좌상,"충청남도 청양군 돌보길 436-147 (남양면, 운장암)"
청양,읍내리 석조여래삼존입상,청양 읍내리 석조여래삼존입상,유적 · 석조물,herit,1,청양 읍내리 석조여래삼존입상,충남 청양군 청양읍 칠갑산로9길 58 (읍내리)
청주,계산리 오층석탑,청주 계산리 오층석탑,유적 · 석조물,herit,1,청주 계산리 오층석탑,충청북도 청주시 상당구 가덕면 계산리 산 46-3
청주,보살사,청주 보살사,절,herit,1,보살사 영산회 괘불탱,충북 청주시 상당구 낙가산로 168(용암동)
청주,용화사,청주 용화사,절,herit,1,청주 용화사 석조불상군,"충청북도 청주시 서원구 무심서로 565 (사직동, 용화사)"
청주,청주대학교박물관,청주대학교박물관,박물관,herit,1,금강반야경소론찬요조현록(2012),"충청북도 청주시 청원구 대성로 298 (내덕동, 청주대학교 박물관)"
청주,충북대학교박물관,충북대학교박물관,박물관,herit,1,김길통 좌리공신교서,"충청북도 청주시 서원구 충대로 1 (개신동, 충북대학교 박물관)"
춘천,근화동 당간지주,춘천 근화동 당간지주,유적 · 석조물,herit,1,춘천 근화동 당간지주,강원 춘천시 근화동 793-1번지
춘천,칠층석탑,춘천 칠층석탑,유적 · 석조물,herit,1,춘천 칠층석탑,강원도 춘천시 소양로2가 162-9
충주,대원사,충주 대원사,절,herit,1,충주 철조여래좌상,"충북 충주시 사직산12길 55, 대원사 (지현동)"
충주,미륵리 석조여래입상,충주 미륵리 석조여래입상,유적 · 석조물,herit,1,충주 미륵리 석조여래입상,충북 충주시 수안보면 미륵리 58번지
충주,미륵리 오층석탑,충주 미륵리 오층석탑,유적 · 석조물,herit,1,충주 미륵리 오층석탑,충북 충주시 수안보면 미륵리 56번지
충주,백운암,충주 백운암,절,herit,1,충주 백운암 철조여래좌상,"충북 충주시 엄정면 내창로 617-80, 백운암 (괴동리)"
충주,봉황리 마애불상군,충주 봉황리 마애불상군,유적 · 석조물,herit,1,충주 봉황리 마애불상군,충청북도 충주시 중앙탑면 봉황리 산 27
충주,억정사지,충주 억정사지,절터,herit,1,충주 억정사지 대지국사탑비,충북 충주시 엄정면 비석2길 35-21 (괴동리)
충주,정토사지,충주 정토사지,절터,herit,1,충주 정토사지 법경대사탑비,충북 충주시 동량면 하천리 177-6번지
충주,충주박물관,충주박물관,박물관,herit,1,선림보훈(2017),"충청북도 충주시 중앙탑길 112-28 (중앙탑면, 충주박물관)"
칠곡,기성리 삼층석탑,칠곡 기성리 삼층석탑,유적 · 석조물,herit,1,칠곡 기성리 삼층석탑,경북 칠곡군 동명면 기성리 1028번지
칠곡,노석리 마애불상군,칠곡 노석리 마애불상군,유적 · 석조물,herit,1,칠곡 노석리 마애불상군,경북 칠곡군 기산면 노석리 산43-2번지
칠곡,선봉사,칠곡 선봉사,절,herit,1,칠곡 선봉사 대각국사비,경상북도 칠곡군 북삼읍 숭오리 1435-1
통영,통영시립박물관,통영시립박물관,박물관,herit,1,통영 충렬사 팔사품 일괄,"경상남도 통영시 중앙로 61 (도천동, 통영시립박물관)"
파주,공효공 박중손묘 장명등,파주 공효공 박중손묘 장명등,유적 · 석조물,herit,1,파주 공효공 박중손묘 장명등,경기 파주시 탄현면 방촌로879번길 172-34 (오금2리) / (지번)경기 파주시 탄현면 오금 2리 산19
파주,대한민국역사박물관,대한민국역사박물관,박물관,herit,1,안중근의사 유묵 - 지사인인살신성인,경기도 파주시 헤이리로 30 (탄현면)
파주,용미리 마애이불입상,파주 용미리 마애이불입상,유적 · 석조물,herit,1,파주 용미리 마애이불입상,"경기 파주시 광탄면 용미리 산8, 9번지"
파주,파평윤씨정정공파교하종중,파주 파평윤씨정정공파교하종중,유적 · 석조물,herit,1,백자 청화 흥녕부대부인 묘지 및 석함,경기도 파주시
포항,분옥정,포항 분옥정,유적 · 석조물,herit,1,포항 분옥정,경상북도 포항시 북구 기계면 봉계리 735
포항,상달암,포항 상달암,절,herit,1,포항 상달암,경상북도 포항시 남구 새마을로766번길 21 (연일읍)
포항,용계정,포항 용계정,유적 · 석조물,herit,1,포항 용계정,경상북도 포항시 북구 기북면 오덕리 180
하남,광덕사,하남 광덕사,절,herit,1,"대방광원각수다라요의경 권상2의2, 권하3의1~3의2","경기도 하남시 하남대로545번길 180 (천현동, 광덕사)"
하남,선법사,하남 선법사,절,herit,1,하남 교산동 마애약사여래좌상,경기 하남시 교산동 산10-3번지 선법사
함안,대산리 석조삼존상,함안 대산리 석조삼존상,유적 · 석조물,herit,1,함안 대산리 석조삼존상,경남 함안군 함안면 대산리 1139번지
함안,방어산 마애약사여래삼존입상,함안 방어산 마애약사여래삼존입상,유적 · 석조물,herit,1,함안 방어산 마애약사여래삼존입상,경남 함안군 군북면 하림리 산131번지
함양,교산리 석조여래좌상,함양 교산리 석조여래좌상,유적 · 석조물,herit,1,함양 교산리 석조여래좌상,경남 함양군 함양읍 함양배움길 11 (교산리)
함양,덕전리 마애여래입상,함양 덕전리 마애여래입상,유적 · 석조물,herit,1,함양 덕전리 마애여래입상,경남 함양군 마천면 덕전리 768-6번지
함양,등구사,함양 등구사,절,herit,1,‘미륵원’명 청동북,"경상남도 함양군 촉동길 7-40 (마천면, 등구사)"
함양,승안사지,함양 승안사지,절터,herit,1,함양 승안사지 삼층석탑,경남 함양군 수동면 우명리 263번지
함평,고막천 석교,함평 고막천 석교,유적 · 석조물,herit,1,함평 고막천 석교,전남광주통합특별시 함평군 학교면 고막리 629번지
합천,반야사지,합천 반야사지,절터,herit,1,합천 반야사지 원경왕사비,경남 합천군 가야면 해인사길 73-4 (치인리)
합천,백암리 석등,합천 백암리 석등,유적 · 석조물,herit,1,합천 백암리 석등,경남 합천군 대양면 백암리 90-3번지
합천,월광사지,합천 월광사지,절터,herit,1,합천 월광사지 동·서 삼층석탑,"경남 합천군 야로면 월광리 369-1, 365-1"
합천,치인리 마애여래입상,합천 치인리 마애여래입상,유적 · 석조물,herit,1,합천 치인리 마애여래입상,경남 합천군 가야면 해인사길 85 (치인리)
해남,명량대첩비,해남 명량대첩비,유적 · 석조물,herit,1,해남 명량대첩비,전남광주통합특별시 해남군 문내면 동외리 955-6
해남,서동사,해남 서동사,절,herit,1,해남 서동사 목조석가여래삼불좌상,전남광주통합특별시 해남군 화원면 금평리 571 서동사
해남,은적사,해남 은적사,절,herit,1,해남 은적사 철조비로자나불좌상,"전남광주통합특별시 해남군 은적사길 404 (마산면, 은적사)"
홍성,고산사,홍성 고산사,절,herit,1,홍성 고산사 대웅전,충남 홍성군 결성면 만해로127번길 35-99 (무량리)
홍성,신경리 마애여래입상,홍성 신경리 마애여래입상,유적 · 석조물,herit,1,홍성 신경리 마애여래입상,충남 홍성군 홍북면 신경리 산80-1번지
홍성,오관리 당간지주,홍성 오관리 당간지주,유적 · 석조물,herit,1,홍성 오관리 당간지주,충남 홍성군 홍성읍 오관리 297-15번지
홍성,용봉사,홍성 용봉사,절,herit,1,용봉사 영산회 괘불탱,"충청남도 홍성군 용봉산1길  109(홍북읍, 용봉사)"
홍천,괘석리 사사자 삼층석탑,홍천 괘석리 사사자 삼층석탑,유적 · 석조물,herit,1,홍천 괘석리 사사자 삼층석탑,강원특별자치도 홍천군 홍천읍 희망리 151-7
홍천,물걸리 삼층석탑,홍천 물걸리 삼층석탑,유적 · 석조물,herit,1,홍천 물걸리 삼층석탑,강원 홍천군 내촌면 물걸리 588-1번지
홍천,물걸리 석조대좌,홍천 물걸리 석조대좌,유적 · 석조물,herit,1,홍천 물걸리 석조대좌,강원 홍천군 내촌면 동창로153번길 34 (물걸리)
홍천,물걸리 석조대좌 및 광배,홍천 물걸리 석조대좌 및 광배,유적 · 석조물,herit,1,홍천 물걸리 석조대좌 및 광배,강원 홍천군 내촌면 동창로153번길 34 (물걸리)
홍천,물걸리 석조비로자나불좌상,홍천 물걸리 석조비로자나불좌상,유적 · 석조물,herit,1,홍천 물걸리 석조비로자나불좌상,강원 홍천군 내촌면 동창로153번길 34 (물걸리)
홍천,물걸리 석조여래좌상,홍천 물걸리 석조여래좌상,유적 · 석조물,herit,1,홍천 물걸리 석조여래좌상,강원 홍천군 내촌면 동창로153번길 34 (물걸리)
홍천,희망리 당간지주,홍천 희망리 당간지주,유적 · 석조물,herit,1,홍천 희망리 당간지주,강원 홍천군 홍천읍 희망리 376-26번지
홍천,희망리 삼층석탑,홍천 희망리 삼층석탑,유적 · 석조물,herit,1,홍천 희망리 삼층석탑,강원 홍천군 홍천읍 희망리 151-7번지
화성,봉림사,화성 봉림사,절,herit,1,화성 봉림사 목조아미타여래좌상,"경기도 화성시 주석로80번길 139 (남양읍, 화성봉림사)"
화순,유마사,화순 유마사,절,herit,1,화순 유마사 해련탑,전남광주통합특별시 화순군 남면 유마리 400번지 유마사
화천,계성리 석등,화천 계성리 석등,유적 · 석조물,herit,1,화천 계성리 석등,강원 화천군 하남면 계성리 594번지
