site,year,placeIds,names
석굴암과 불국사,1995,gjx5 gjx1,석굴암 / 불국사
해인사 장경판전,1995,nax256,해인사
종묘,1995,kdx14,종묘
창덕궁,1997,kdx1,창덕궁
수원 화성,1997,na1 na22 na23,수원화성 / 수원화성 국궁체험장 / 화홍문
경주역사유적지구,2000,gjx2 gjx3 gjx12 gjx16 gjx17 gjx21 gjx22 gjx23 gjx24 gjx27 gjx28 gj3 ro117 nax824 gjx13 ctm37336b0e ctm3a1ba3e5,대릉원 / 첨성대 / 금관총 / 계림 / 포석정 / 월성 / 천마총 / 봉황대 / 황룡사지 / 서출지 / 칠불암 / 동궁과 월지 / 분황사 / 남산 삼릉 / 오릉 / 경주 태종무열왕릉 / 경주 명활산성
고창·화순·강화 고인돌 유적,2000,nax428 nax431 nax171,고창 고인돌 유적 / 화순 고인돌 유적 / 강화 고인돌 유적
제주 화산섬과 용암동굴,2007,jd1 jdx2 jdx7 jdx45 jdx75,성산일출봉 / 만장굴 / 한라산 어리목 / 거문오름 / 성판악 탐방로
조선왕릉,2009,nax722 nax1190 kdx33 nax324 yw2 nax613 ctm1bf771e3 ctm3debe815 ctt73 ctt292 ctmc7365e63 ctmbbd693d5 ctme2b93483 ctm27a72e44 ctmc63a1cdd ctm94baf12a ctma7847a78 ctm0b12ab86 ctm97c61549,서오릉 / 홍릉·유릉 / 선릉·정릉 / 세종대왕릉 영릉 / 영월 장릉 / 국립수목원 광릉숲 / 구리 동구릉 건원릉 정자각 / 헌인릉 / 화성융릉과건릉 / 온릉 / 파주 공릉관광지 / 서울 태릉과 강릉 / 서울 의릉 / 서울 정릉 / 고양 서삼릉 / 파주 장릉 / 김포 장릉 / 남양주 사릉 / 남양주 광릉
한국의 역사마을: 하회와 양동,2010,nax157 gjx10,안동하회마을 / 양동마을
남한산성,2014,nax422,남한산성
백제역사유적지구,2015,nax272 nax273 nax277 nax278 nax279 nax1070 nax1071 nax425 nax426 ctm707be467,공산성 / 무령왕릉과 왕릉원 / 부소산성 / 정림사지 오층석탑 / 궁남지 / 능산리 고분군 / 부여 나성 / 미륵사지 / 왕궁리 유적 / 부여 관북리 유적
"산사, 한국의 산지승원",2018,nax401 nax219 nax821 nax404 nax275 nax210 nax407,통도사 / 부석사 / 봉정사 / 법주사 / 마곡사 / 선암사 / 대흥사
한국의 서원,2019,nax220 nax410 gjx35 nax160 nax413 ctt13 nax162 nax416 nax419,소수서원 / 남계서원 / 옥산서원 / 도산서원 / 필암서원 / 도동서원 / 병산서원 / 무성서원 / 돈암서원
한국의 갯벌,2021,nax449 nax452 nax455 nax207 ctmceca2f69,서천 갯벌 / 신안 갯벌 / 보성 벌교갯벌 / 순천만습지 / 고창갯벌
가야고분군,2023,nax443 nax446 nax434 nax440 nax437 ctm2c59e441 ctm2fd620b6,지산동 고분군 / 송학동 고분군 / 대성동 고분군 / 교동과 송현동 고분군 / 말이산 고분군 / 남원 유곡리와 두락리 고분군 / 합천 옥전 고분군
반구천의 암각화,2025,nax310 nax994,반구대 암각화 / 천전리 각석
